"Plant_Species_Corrected","Plant_Genus","Plant_Species_Generic","Plant_Family_Generic"
"Blepharis_stuhlmannii","Blepharis","Plant_1","Family_1"
"Hygrophila_auriculata","Hygrophila","Plant_2","Family_1"
"Mimulopsis_solmsii","Mimulopsis","Plant_3","Family_1"
"Caloncoba_crepiniana","Caloncoba","Plant_4","Family_2"
"Caloncoba_welwitschii","Caloncoba","Plant_5","Family_2"
"Dasylepis_eggelingii","Dasylepis","Plant_6","Family_2"
"Rawsonia_lucida","Rawsonia","Plant_7","Family_2"
"Scottellia_klaineana","Scottellia","Plant_8","Family_2"
"Antrocaryon_klaineanum","Antrocaryon","Plant_9","Family_3"
"Antrocaryon_micraster","Antrocaryon","Plant_10","Family_3"
"Antrocaryon_nannanii","Antrocaryon","Plant_11","Family_3"
"Fegimanra_africana","Fegimanra","Plant_12","Family_3"
"Harpephyllum_caffrum","Harpephyllum","Plant_13","Family_3"
"Lannea_acida","Lannea","Plant_14","Family_3"
"Lannea_barteri","Lannea","Plant_15","Family_3"
"Lannea_nigritana","Lannea","Plant_16","Family_3"
"Lannea_schweinfurthii","Lannea","Plant_17","Family_3"
"Lannea_welwitschii","Lannea","Plant_18","Family_3"
"Lannea_zenckeri","Lannea","Plant_19","Family_3"
"Mangifera_indica","Mangifera","Plant_20","Family_3"
"Pseudospondias_longifolia","Pseudospondias","Plant_21","Family_3"
"Pseudospondias_microcarpa","Pseudospondias","Plant_22","Family_3"
"Sclerocarya_birrea","Sclerocarya","Plant_23","Family_3"
"Sorindeia_africana","Sorindeia","Plant_24","Family_3"
"Sorindeia_grandifolia","Sorindeia","Plant_25","Family_3"
"Sorindeia_judlandifolia","Sorindeia","Plant_26","Family_3"
"Spondias_mombin","Spondias","Plant_27","Family_3"
"Trichoscypha_abut","Trichoscypha","Plant_28","Family_3"
"Trichoscypha_acuminata","Trichoscypha","Plant_29","Family_3"
"Trichoscypha_arborea","Trichoscypha","Plant_30","Family_3"
"Trichoscypha_bijuga","Trichoscypha","Plant_31","Family_3"
"Trichoscypha_lucens","Trichoscypha","Plant_32","Family_3"
"Trichoscypha_mannii","Trichoscypha","Plant_33","Family_3"
"Trichoscypha_oddonii","Trichoscypha","Plant_34","Family_3"
"Trichoscypha_patens","Trichoscypha","Plant_35","Family_3"
"Trichoscypha_reygaertii","Trichoscypha","Plant_36","Family_3"
"Poga_oleosa","Poga","Plant_37","Family_4"
"Annickia_ambigua","Annickia","Plant_38","Family_5"
"Annickia_chlorantha","Annickia","Plant_39","Family_5"
"Annickia_pilosa","Annickia","Plant_40","Family_5"
"Annickia_polycarpa","Annickia","Plant_41","Family_5"
"Annona_glabra","Annona","Plant_42","Family_5"
"Annona_muricata","Annona","Plant_43","Family_5"
"Annona_senegalensis","Annona","Plant_44","Family_5"
"Anonidium_mannii","Anonidium","Plant_45","Family_5"
"Cleistopholis_glauca","Cleistopholis","Plant_46","Family_5"
"Cleistopholis_patens","Cleistopholis","Plant_47","Family_5"
"Duguetia_barteri","Duguetia","Plant_48","Family_5"
"Duguetia_confinis","Duguetia","Plant_49","Family_5"
"Duguetia_staudtii","Duguetia","Plant_50","Family_5"
"Greenwayodendron_oliveri","Greenwayodendron","Plant_51","Family_5"
"Greenwayodendron_suaveolens","Greenwayodendron","Plant_52","Family_5"
"Hexalobus_bussei","Hexalobus","Plant_53","Family_5"
"Hexalobus_crispiflorus","Hexalobus","Plant_54","Family_5"
"Isolona_congolana","Isolona","Plant_55","Family_5"
"Isolona_deightonii","Isolona","Plant_56","Family_5"
"Isolona_hexaloba","Isolona","Plant_57","Family_5"
"Meiocarpidium_lepidotum","Meiocarpidium","Plant_58","Family_5"
"Monanthotaxis_congoensis","Monanthotaxis","Plant_59","Family_5"
"Monanthotaxis_diclina","Monanthotaxis","Plant_60","Family_5"
"Monodora_angolensis","Monodora","Plant_61","Family_5"
"Monodora_myristica","Monodora","Plant_62","Family_5"
"Monodora_tenuifolia","Monodora","Plant_63","Family_5"
"Monodora_undulata","Monodora","Plant_64","Family_5"
"Piptostigma_fasciculatum","Piptostigma","Plant_65","Family_5"
"Uvaria_angolensis","Uvaria","Plant_66","Family_5"
"Uvaria_chamae","Uvaria","Plant_67","Family_5"
"Uvariastrum_pierreanum","Uvariastrum","Plant_68","Family_5"
"Uvariastrum_zenkeri","Uvariastrum","Plant_69","Family_5"
"Uvariodendron_calophyllum","Uvariodendron","Plant_70","Family_5"
"Uvariopsis_bakeriana","Uvariopsis","Plant_71","Family_5"
"Uvariopsis_congensis","Uvariopsis","Plant_72","Family_5"
"Uvariopsis_congolana","Uvariopsis","Plant_73","Family_5"
"Uvariopsis_guineensis","Uvariopsis","Plant_74","Family_5"
"Uvariopsis_tripetala","Uvariopsis","Plant_75","Family_5"
"Xylopia_acutiflora","Xylopia","Plant_76","Family_5"
"Xylopia_aethiopica","Xylopia","Plant_77","Family_5"
"Xylopia_gilbertii","Xylopia","Plant_78","Family_5"
"Xylopia_hypolampra","Xylopia","Plant_79","Family_5"
"Xylopia_katangensis","Xylopia","Plant_80","Family_5"
"Xylopia_letestui","Xylopia","Plant_81","Family_5"
"Xylopia_longipetala","Xylopia","Plant_82","Family_5"
"Xylopia_phloiodora","Xylopia","Plant_83","Family_5"
"Xylopia_quintasii","Xylopia","Plant_84","Family_5"
"Xylopia_rubescens","Xylopia","Plant_85","Family_5"
"Xylopia_staudtii","Xylopia","Plant_86","Family_5"
"Xylopia_villosa","Xylopia","Plant_87","Family_5"
"Alafia_erythrophthalma","Alafia","Plant_88","Family_6"
"Alstonia_boonei","Alstonia","Plant_89","Family_6"
"Alstonia_congensis","Alstonia","Plant_90","Family_6"
"Carissa_edulis","Carissa","Plant_91","Family_6"
"Funtumia_africana","Funtumia","Plant_92","Family_6"
"Funtumia_elastica","Funtumia","Plant_93","Family_6"
"Hunteria_umbellata","Hunteria","Plant_94","Family_6"
"Landolphia_hirsuta","Landolphia","Plant_95","Family_6"
"Landolphia_incerta","Landolphia","Plant_96","Family_6"
"Landolphia_jumellei","Landolphia","Plant_97","Family_6"
"Landolphia_landolphioides","Landolphia","Plant_98","Family_6"
"Landolphia_mannii","Landolphia","Plant_99","Family_6"
"Landolphia_owariensis","Landolphia","Plant_100","Family_6"
"Picralima_nitida","Picralima","Plant_101","Family_6"
"Pleiocarpa_pycnantha","Pleiocarpa","Plant_102","Family_6"
"Rauvolfia_caffra","Rauvolfia","Plant_103","Family_6"
"Rauvolfia_mannii","Rauvolfia","Plant_104","Family_6"
"Rauvolfia_vomitoria","Rauvolfia","Plant_105","Family_6"
"Saba_comorensis","Saba","Plant_106","Family_6"
"Saba_senegalensis","Saba","Plant_107","Family_6"
"Tabernaemontana_brachyantha","Tabernaemontana","Plant_108","Family_6"
"Tabernaemontana_contorta","Tabernaemontana","Plant_109","Family_6"
"Tabernaemontana_crassa","Tabernaemontana","Plant_110","Family_6"
"Tabernaemontana_inconspicua","Tabernaemontana","Plant_111","Family_6"
"Tabernaemontana_odoratissima","Tabernaemontana","Plant_112","Family_6"
"Tabernaemontana_pachysiphon","Tabernaemontana","Plant_113","Family_6"
"Tabernaemontana_penduliflora","Tabernaemontana","Plant_114","Family_6"
"Tabernaemontana_stapfiana","Tabernaemontana","Plant_115","Family_6"
"Voacanga_africana","Voacanga","Plant_116","Family_6"
"Voacanga_thouarsii","Voacanga","Plant_117","Family_6"
"Ilex_mitis","Ilex","Plant_118","Family_7"
"Polyscias_fulva","Polyscias","Plant_119","Family_8"
"Borassus_aethiopum","Borassus","Plant_120","Family_9"
"Elaeis_guineensis","Elaeis","Plant_121","Family_9"
"Hyphanae_guineensis","Hyphanae","Plant_122","Family_9"
"Phoenix_reclinata","Phoenix","Plant_123","Family_9"
"Raphia_africana","Raphia","Plant_124","Family_9"
"Raphia_hookeri","Raphia","Plant_125","Family_9"
"Raphia_monbuttorum","Raphia","Plant_126","Family_9"
"Raphia_vinifera","Raphia","Plant_127","Family_9"
"Dracaena_arborea","Dracaena","Plant_128","Family_10"
"Dracaena_fragrans","Dracaena","Plant_129","Family_10"
"Dracaena_mannii","Dracaena","Plant_130","Family_10"
"Carduus_schimperi","Carduus","Plant_131","Family_11"
"Sphaeranthus_kirkii","Sphaeranthus","Plant_132","Family_11"
"Kigelia_africana","Kigelia","Plant_133","Family_12"
"Markhamia_lutea","Markhamia","Plant_134","Family_12"
"Slereospermum_kunthianum","Slereospermum","Plant_135","Family_12"
"Cordia_africana","Cordia","Plant_136","Family_13"
"Cordia_millenii","Cordia","Plant_137","Family_13"
"Cordia_platythyrsa","Cordia","Plant_138","Family_13"
"Ehretia_cymosa","Ehretia","Plant_139","Family_13"
"Canarium_indicum","Canarium","Plant_140","Family_14"
"Canarium_schweinfurthii","Canarium","Plant_141","Family_14"
"Commiphora_africana","Commiphora","Plant_142","Family_14"
"Dacryodes_buettneri","Dacryodes","Plant_143","Family_14"
"Dacryodes_edulis","Dacryodes","Plant_144","Family_14"
"Dacryodes_igaganga","Dacryodes","Plant_145","Family_14"
"Dacryodes_klaineana","Dacryodes","Plant_146","Family_14"
"Dacryodes_macrophylla","Dacryodes","Plant_147","Family_14"
"Dacryodes_normandii","Dacryodes","Plant_148","Family_14"
"Dacryodes_osika","Dacryodes","Plant_149","Family_14"
"Pachylobus_buettneri","Pachylobus","Plant_150","Family_14"
"Pachylobus_klaineanus","Pachylobus","Plant_151","Family_14"
"Pachylobus_normandii","Pachylobus","Plant_152","Family_14"
"Santiria_trimera","Santiria","Plant_153","Family_14"
"Buxus_acutata","Buxus","Plant_154","Family_15"
"Mammea_africana","Mammea","Plant_155","Family_16"
"Warburgia_stuhlmanni","Warburgia","Plant_156","Family_17"
"Warburgia_ugandensis","Warburgia","Plant_157","Family_17"
"Celtis_adolfi-friderici","Celtis","Plant_158","Family_18"
"Celtis_africana","Celtis","Plant_159","Family_18"
"Celtis_durandii","Celtis","Plant_160","Family_18"
"Celtis_gomphophylla","Celtis","Plant_161","Family_18"
"Celtis_ituriensis","Celtis","Plant_162","Family_18"
"Celtis_mildbraedi","Celtis","Plant_163","Family_18"
"Celtis_mildbraedii","Celtis","Plant_164","Family_18"
"Celtis_tessmannii","Celtis","Plant_165","Family_18"
"Celtis_toka","Celtis","Plant_166","Family_18"
"Celtis_zenkeri","Celtis","Plant_167","Family_18"
"Trema_orientalis","Trema","Plant_168","Family_18"
"Buchholzia_coriacea","Buchholzia","Plant_169","Family_19"
"Capparis_tomentosa","Capparis","Plant_170","Family_19"
"Maerua_grantii","Maerua","Plant_171","Family_19"
"Ritchiea_albersii","Ritchiea","Plant_172","Family_19"
"Leptaulus_daphnoides","Leptaulus","Plant_173","Family_20"
"Carica_papaya","Carica","Plant_174","Family_21"
"Casuarina_equisetifolia","Casuarina","Plant_175","Family_22"
"Elaeodendron_buchananii","Elaeodendron","Plant_176","Family_23"
"Mystroxylon_aethiopicum","Mystroxylon","Plant_177","Family_23"
"Chrysobalanus_icaco","Chrysobalanus","Plant_178","Family_24"
"Dactyladenia_dinklagei","Dactyladenia","Plant_179","Family_24"
"Dactyladenia_scabrifolia","Dactyladenia","Plant_180","Family_24"
"Magnistipula_butayei","Magnistipula","Plant_181","Family_24"
"Magnistipula_zenkeri","Magnistipula","Plant_182","Family_24"
"Maranthes_aubrevillei","Maranthes","Plant_183","Family_24"
"Maranthes_glabra","Maranthes","Plant_184","Family_24"
"Neocarya_macrophylla","Neocarya","Plant_185","Family_24"
"Parinari_congolana","Parinari","Plant_186","Family_24"
"Parinari_curatellifolia","Parinari","Plant_187","Family_24"
"Parinari_excelsa","Parinari","Plant_188","Family_24"
"Allanblackia_floribunda","Allanblackia","Plant_189","Family_25"
"Garcinia_afzelii","Garcinia","Plant_190","Family_25"
"Garcinia_buchananii","Garcinia","Plant_191","Family_25"
"Garcinia_epunctata","Garcinia","Plant_192","Family_25"
"Garcinia_huillensis","Garcinia","Plant_193","Family_25"
"Garcinia_kola","Garcinia","Plant_194","Family_25"
"Garcinia_mannii","Garcinia","Plant_195","Family_25"
"Garcinia_ovalifolia","Garcinia","Plant_196","Family_25"
"Garcinia_punctata","Garcinia","Plant_197","Family_25"
"Garcinia_quadrifaria","Garcinia","Plant_198","Family_25"
"Garcinia_smeathmannii","Garcinia","Plant_199","Family_25"
"Garcinia_smithii","Garcinia","Plant_200","Family_25"
"Pentadesma_butyracea","Pentadesma","Plant_201","Family_25"
"Pentadesma_grandifolia","Pentadesma","Plant_202","Family_25"
"Symphonia_globulifera","Symphonia","Plant_203","Family_25"
"Combretum_mossambicense","Combretum","Plant_204","Family_26"
"Combretum_zeyheri","Combretum","Plant_205","Family_26"
"Terminalia_catappa","Terminalia","Plant_206","Family_26"
"Terminalia_leiocarpa","Terminalia","Plant_207","Family_26"
"Terminalia_mollis","Terminalia","Plant_208","Family_26"
"Terminalia_myrtifolia","Terminalia","Plant_209","Family_26"
"Terminalia_spinosa","Terminalia","Plant_210","Family_26"
"Jollydora_duparquetiana","Jollydora","Plant_211","Family_27"
"Rourea_orientalis","Rourea","Plant_212","Family_27"
"Rourea_parviflora","Rourea","Plant_213","Family_27"
"Ipomoea_aquatica","Ipomoea","Plant_214","Family_28"
"Ipomoea_biflora","Ipomoea","Plant_215","Family_28"
"Ipomoea_coptica","Ipomoea","Plant_216","Family_28"
"Ipomoea_crassipes","Ipomoea","Plant_217","Family_28"
"Ipomoea_eriocarpa","Ipomoea","Plant_218","Family_28"
"Ipomoea_lapathifolia","Ipomoea","Plant_219","Family_28"
"Ipomoea_mombassana","Ipomoea","Plant_220","Family_28"
"Ipomoea_obscura","Ipomoea","Plant_221","Family_28"
"Ipomoea_pileata","Ipomoea","Plant_222","Family_28"
"Ipomoea_venosa","Ipomoea","Plant_223","Family_28"
"Alangium_chinense","Alangium","Plant_224","Family_29"
"Cornus_volkensii","Cornus","Plant_225","Family_29"
"Cucumis_hirsutus","Cucumis","Plant_226","Family_30"
"Cucumis_melo","Cucumis","Plant_227","Family_30"
"Cucumis_sacleuxii","Cucumis","Plant_228","Family_30"
"Lagenaria_abyssinica","Lagenaria","Plant_229","Family_30"
"Zehneria_scabra","Zehneria","Plant_230","Family_30"
"Zehneria_thwaitesii","Zehneria","Plant_231","Family_30"
"Juniperus_procera","Juniperus","Plant_232","Family_31"
"Schoenoplectiella_articulata","Schoenoplectiella","Plant_233","Family_32"
"Scleria_microcarpa","Scleria","Plant_234","Family_32"
"Dichapetalum_barteri","Dichapetalum","Plant_235","Family_33"
"Dichapetalum_gabonense","Dichapetalum","Plant_236","Family_33"
"Tapura_fischeri","Tapura","Plant_237","Family_33"
"Dioscorea_sansibarensis","Dioscorea","Plant_238","Family_34"
"Diospyros_abyssinica","Diospyros","Plant_239","Family_35"
"Diospyros_bipindensis","Diospyros","Plant_240","Family_35"
"Diospyros_boala","Diospyros","Plant_241","Family_35"
"Diospyros_chevalieri","Diospyros","Plant_242","Family_35"
"Diospyros_cinnabarina","Diospyros","Plant_243","Family_35"
"Diospyros_crassiflora","Diospyros","Plant_244","Family_35"
"Diospyros_dendo","Diospyros","Plant_245","Family_35"
"Diospyros_gabunensis","Diospyros","Plant_246","Family_35"
"Diospyros_gracilescens","Diospyros","Plant_247","Family_35"
"Diospyros_grandifolia","Diospyros","Plant_248","Family_35"
"Diospyros_heudelotii","Diospyros","Plant_249","Family_35"
"Diospyros_hoyleana","Diospyros","Plant_250","Family_35"
"Diospyros_iturensis","Diospyros","Plant_251","Family_35"
"Diospyros_kirkii","Diospyros","Plant_252","Family_35"
"Diospyros_loureiroana","Diospyros","Plant_253","Family_35"
"Diospyros_mannii","Diospyros","Plant_254","Family_35"
"Diospyros_melocarpa","Diospyros","Plant_255","Family_35"
"Diospyros_mespiliformis","Diospyros","Plant_256","Family_35"
"Diospyros_monbuttensis","Diospyros","Plant_257","Family_35"
"Diospyros_piscatoria","Diospyros","Plant_258","Family_35"
"Diospyros_polystemon","Diospyros","Plant_259","Family_35"
"Diospyros_preussii","Diospyros","Plant_260","Family_35"
"Diospyros_pseudomespilus","Diospyros","Plant_261","Family_35"
"Diospyros_sanza-minika","Diospyros","Plant_262","Family_35"
"Diospyros_soubreana","Diospyros","Plant_263","Family_35"
"Diospyros_soyauxii","Diospyros","Plant_264","Family_35"
"Diospyros_suaveolens","Diospyros","Plant_265","Family_35"
"Diospyros_viridicans","Diospyros","Plant_266","Family_35"
"Diospyros_zenkeri","Diospyros","Plant_267","Family_35"
"Erythroxylum_emarginatum","Erythroxylum","Plant_268","Family_36"
"Erythroxylum_mannii","Erythroxylum","Plant_269","Family_36"
"Acalypha_fruticosa","Acalypha","Plant_270","Family_37"
"Alchornea_cordifolia","Alchornea","Plant_271","Family_37"
"Alchornea_floribunda","Alchornea","Plant_272","Family_37"
"Alchornea_hirtella","Alchornea","Plant_273","Family_37"
"Anthostema_aubryanum","Anthostema","Plant_274","Family_37"
"Caperonia_stuhlmannii","Caperonia","Plant_275","Family_37"
"Croton_dichogamus","Croton","Plant_276","Family_37"
"Croton_haumanianus","Croton","Plant_277","Family_37"
"Croton_macrostachyus","Croton","Plant_278","Family_37"
"Croton_mayumbensis","Croton","Plant_279","Family_37"
"Croton_megalocarpus","Croton","Plant_280","Family_37"
"Croton_oligandrus","Croton","Plant_281","Family_37"
"Croton_sylvaticus","Croton","Plant_282","Family_37"
"Dichostemma_glaucescens","Dichostemma","Plant_283","Family_37"
"Discoglypremna_caloneura","Discoglypremna","Plant_284","Family_37"
"Euphorbia_hirta","Euphorbia","Plant_285","Family_37"
"Euphorbia_systyloides","Euphorbia","Plant_286","Family_37"
"Grossera_multinervis","Grossera","Plant_287","Family_37"
"Klaineanthus_gaboniae","Klaineanthus","Plant_288","Family_37"
"Macaranga_assas","Macaranga","Plant_289","Family_37"
"Macaranga_barteri","Macaranga","Plant_290","Family_37"
"Macaranga_capensis","Macaranga","Plant_291","Family_37"
"Macaranga_monandra","Macaranga","Plant_292","Family_37"
"Macaranga_saccifera","Macaranga","Plant_293","Family_37"
"Macaranga_schweinfurthii","Macaranga","Plant_294","Family_37"
"Macaranga_spinosa","Macaranga","Plant_295","Family_37"
"Mallotus_oppositifolius","Mallotus","Plant_296","Family_37"
"Manniophyton_fulvum","Manniophyton","Plant_297","Family_37"
"Maprounea_membranacea","Maprounea","Plant_298","Family_37"
"Mareya_micrantha","Mareya","Plant_299","Family_37"
"Mareyopsis_longifolia","Mareyopsis","Plant_300","Family_37"
"Neoboutonia_macrocalyx","Neoboutonia","Plant_301","Family_37"
"Neoboutonia_melleri","Neoboutonia","Plant_302","Family_37"
"Plagiostyles_africana","Plagiostyles","Plant_303","Family_37"
"Ricinodendron_heudelotii","Ricinodendron","Plant_304","Family_37"
"Shirakiopsis_aubrevillei","Shirakiopsis","Plant_305","Family_37"
"Shirakiopsis_elliptica","Shirakiopsis","Plant_306","Family_37"
"Tetrorchidium_didymostemon","Tetrorchidium","Plant_307","Family_37"
"Tragia_furialis","Tragia","Plant_308","Family_37"
"Afzelia_africana","Afzelia","Plant_309","Family_38"
"Afzelia_bella","Afzelia","Plant_310","Family_38"
"Afzelia_bipindensis","Afzelia","Plant_311","Family_38"
"Afzelia_pachyloba","Afzelia","Plant_312","Family_38"
"Afzelia_quanzensis","Afzelia","Plant_313","Family_38"
"Aganope_stuhlmannii","Aganope","Plant_314","Family_38"
"Alantsilodendron_pilosum","Alantsilodendron","Plant_315","Family_38"
"Albizia_dinklagei","Albizia","Plant_316","Family_38"
"Albizia_ferruginea","Albizia","Plant_317","Family_38"
"Albizia_grandibracteata","Albizia","Plant_318","Family_38"
"Albizia_gummifera","Albizia","Plant_319","Family_38"
"Albizia_harveyi","Albizia","Plant_320","Family_38"
"Alysicarpus_glumaceus","Alysicarpus","Plant_321","Family_38"
"Angylocalyx_oligophyllus","Angylocalyx","Plant_322","Family_38"
"Angylocalyx_pynaertii","Angylocalyx","Plant_323","Family_38"
"Anthonotha_cladantha","Anthonotha","Plant_324","Family_38"
"Anthonotha_crassifolia","Anthonotha","Plant_325","Family_38"
"Anthonotha_fragrans","Anthonotha","Plant_326","Family_38"
"Anthonotha_macrophylla","Anthonotha","Plant_327","Family_38"
"Anthonotha_noldeae","Anthonotha","Plant_328","Family_38"
"Baphia_pubescens","Baphia","Plant_329","Family_38"
"Berlinia_bracteosa","Berlinia","Plant_330","Family_38"
"Bobgunnia_fistuloides","Bobgunnia","Plant_331","Family_38"
"Brachystegia_bussei","Brachystegia","Plant_332","Family_38"
"Brachystegia_mildbraedii","Brachystegia","Plant_333","Family_38"
"Brachystegia_tamarindoides","Brachystegia","Plant_334","Family_38"
"Bussea_occidentalis","Bussea","Plant_335","Family_38"
"Calpocalyx_aubrevillei","Calpocalyx","Plant_336","Family_38"
"Calpocalyx_brevibracteatus","Calpocalyx","Plant_337","Family_38"
"Calpocalyx_dinklagei","Calpocalyx","Plant_338","Family_38"
"Cassia_mannii","Cassia","Plant_339","Family_38"
"Cassia_sieberiana","Cassia","Plant_340","Family_38"
"Cathormion_altissimum","Cathormion","Plant_341","Family_38"
"Cordyla_africana","Cordyla","Plant_342","Family_38"
"Crudia_gabonensis","Crudia","Plant_343","Family_38"
"Crudia_zenkeri","Crudia","Plant_344","Family_38"
"Cynometra_alexandri","Cynometra","Plant_345","Family_38"
"Cynometra_megalophylla","Cynometra","Plant_346","Family_38"
"Dalbergia_hostilis","Dalbergia","Plant_347","Family_38"
"Daniellia_thurifera","Daniellia","Plant_348","Family_38"
"Detarium_macrocarpum","Detarium","Plant_349","Family_38"
"Detarium_microcarpum","Detarium","Plant_350","Family_38"
"Detarium_senegalense","Detarium","Plant_351","Family_38"
"Dialium_aubrevillei","Dialium","Plant_352","Family_38"
"Dialium_corbisieri","Dialium","Plant_353","Family_38"
"Dialium_dinklagei","Dialium","Plant_354","Family_38"
"Dialium_eurysepalum","Dialium","Plant_355","Family_38"
"Dialium_excelsum","Dialium","Plant_356","Family_38"
"Dialium_guineense","Dialium","Plant_357","Family_38"
"Dialium_lopense","Dialium","Plant_358","Family_38"
"Dialium_pachyphyllum","Dialium","Plant_359","Family_38"
"Dialium_soyauxii","Dialium","Plant_360","Family_38"
"Dialium_tessmannii","Dialium","Plant_361","Family_38"
"Dialium_zenkeri","Dialium","Plant_362","Family_38"
"Dichrostachys_cinerea","Dichrostachys","Plant_363","Family_38"
"Dioclea_reflexa","Dioclea","Plant_364","Family_38"
"Erythrophleum_africanum","Erythrophleum","Plant_365","Family_38"
"Erythrophleum_ivorense","Erythrophleum","Plant_366","Family_38"
"Erythrophleum_lasianthum","Erythrophleum","Plant_367","Family_38"
"Erythrophleum_suaveolens","Erythrophleum","Plant_368","Family_38"
"Guibourtia_demeusei","Guibourtia","Plant_369","Family_38"
"Guibourtia_ehie","Guibourtia","Plant_370","Family_38"
"Guibourtia_tessmannii","Guibourtia","Plant_371","Family_38"
"Haplormosia_monophylla","Haplormosia","Plant_372","Family_38"
"Hylodendron_gabunense","Hylodendron","Plant_373","Family_38"
"Indigofera_colutea","Indigofera","Plant_374","Family_38"
"Indigofera_dendroides","Indigofera","Plant_375","Family_38"
"Leucaena_leucocephala","Leucaena","Plant_376","Family_38"
"Mildbraediodendron_excelsum","Mildbraediodendron","Plant_377","Family_38"
"Millettia_drastica","Millettia","Plant_378","Family_38"
"Millettia_dura","Millettia","Plant_379","Family_38"
"Millettia_versicolor","Millettia","Plant_380","Family_38"
"Newtonia_buchananii","Newtonia","Plant_381","Family_38"
"Pachyelasma_tessmannii","Pachyelasma","Plant_382","Family_38"
"Parkia_bicolor","Parkia","Plant_383","Family_38"
"Parkia_biglobosa","Parkia","Plant_384","Family_38"
"Parkia_clappertonia","Parkia","Plant_385","Family_38"
"Parkia_filicoidea","Parkia","Plant_386","Family_38"
"Pentaclethra_eetveldeana","Pentaclethra","Plant_387","Family_38"
"Piliostigma_thonningii","Piliostigma","Plant_388","Family_38"
"Piptadeniastrum_africanum","Piptadeniastrum","Plant_389","Family_38"
"Plagiosiphon_emarginatus","Plagiosiphon","Plant_390","Family_38"
"Prosopis_africana","Prosopis","Plant_391","Family_38"
"Schnella_microstachya","Schnella","Plant_392","Family_38"
"Scorodophloeus_zenkeri","Scorodophloeus","Plant_393","Family_38"
"Senegalia_nigrescens","Senegalia","Plant_394","Family_38"
"Tamarindus_indica","Tamarindus","Plant_395","Family_38"
"Tephrosia_pumila","Tephrosia","Plant_396","Family_38"
"Tephrosia_stormsii","Tephrosia","Plant_397","Family_38"
"Tessmannia_africana","Tessmannia","Plant_398","Family_38"
"Tetrapleura_chevalieri","Tetrapleura","Plant_399","Family_38"
"Tetrapleura_tetraptera","Tetrapleura","Plant_400","Family_38"
"Tylosema_fassoglense","Tylosema","Plant_401","Family_38"
"Vachellia_robusta","Vachellia","Plant_402","Family_38"
"Vachellia_xanthophloea","Vachellia","Plant_403","Family_38"
"Vigna_friesiorum","Vigna","Plant_404","Family_38"
"Vigna_frutescens","Vigna","Plant_405","Family_38"
"Vigna_vexillata","Vigna","Plant_406","Family_38"
"Vinga_unguiculata","Vinga","Plant_407","Family_38"
"Xylia_evansii","Xylia","Plant_408","Family_38"
"Bersama_abyssinica","Bersama","Plant_409","Family_39"
"Anthocleista_djalonensis","Anthocleista","Plant_410","Family_40"
"Anthocleista_nobilis","Anthocleista","Plant_411","Family_40"
"Anthocleista_procera","Anthocleista","Plant_412","Family_40"
"Anthocleista_schweinfurthii","Anthocleista","Plant_413","Family_40"
"Anthocleista_vogelii","Anthocleista","Plant_414","Family_40"
"Sacoglottis_gabonensis","Sacoglottis","Plant_415","Family_41"
"Harungana_madagascariensis","Harungana","Plant_416","Family_42"
"Harungana_montana","Harungana","Plant_417","Family_42"
"Hypericum_revolutum","Hypericum","Plant_418","Family_42"
"Psorospermum_tenuifolium","Psorospermum","Plant_419","Family_42"
"Vismia_guineensis","Vismia","Plant_420","Family_42"
"Vismia_rubescens","Vismia","Plant_421","Family_42"
"Pyrenacantha_kaurabassana","Pyrenacantha","Plant_422","Family_43"
"Desbordesia_glaucescens","Desbordesia","Plant_423","Family_44"
"Irvingia_excelsa","Irvingia","Plant_424","Family_44"
"Irvingia_gabonensis","Irvingia","Plant_425","Family_44"
"Irvingia_grandifolia","Irvingia","Plant_426","Family_44"
"Irvingia_robur","Irvingia","Plant_427","Family_44"
"Irvingia_smithii","Irvingia","Plant_428","Family_44"
"Irvingia_wombolu","Irvingia","Plant_429","Family_44"
"Klainedoxa_gabonensis","Klainedoxa","Plant_430","Family_44"
"Klainedoxa_trillesii","Klainedoxa","Plant_431","Family_44"
"Phyllocosmus_africanus","Phyllocosmus","Plant_432","Family_45"
"Hoslundia_opposita","Hoslundia","Plant_433","Family_46"
"Premna_angolensis","Premna","Plant_434","Family_46"
"Vitex_barbata","Vitex","Plant_435","Family_46"
"Vitex_ciliata","Vitex","Plant_436","Family_46"
"Vitex_doniana","Vitex","Plant_437","Family_46"
"Vitex_ferruginea","Vitex","Plant_438","Family_46"
"Vitex_grandifolia","Vitex","Plant_439","Family_46"
"Vitex_micrantha","Vitex","Plant_440","Family_46"
"Vitex_rivularis","Vitex","Plant_441","Family_46"
"Vitex_welwitchii","Vitex","Plant_442","Family_46"
"Beilschmiedia_corbisieri","Beilschmiedia","Plant_443","Family_47"
"Beilschmiedia_fulva","Beilschmiedia","Plant_444","Family_47"
"Beilschmiedia_mannii","Beilschmiedia","Plant_445","Family_47"
"Beilschmiedia_troupinii","Beilschmiedia","Plant_446","Family_47"
"Beilschmiedia_ugandensis","Beilschmiedia","Plant_447","Family_47"
"Cryptocarya_liebertiana","Cryptocarya","Plant_448","Family_47"
"Hypodaphnis_zenkeri","Hypodaphnis","Plant_449","Family_47"
"Ocotea_gabonensis","Ocotea","Plant_450","Family_47"
"Ocotea_michelsonii","Ocotea","Plant_451","Family_47"
"Ocotea_usambarensis","Ocotea","Plant_452","Family_47"
"Persea_americana","Persea","Plant_453","Family_47"
"Brazzeia_congoensis","Brazzeia","Plant_454","Family_48"
"Napoleonaea_vogelii","Napoleonaea","Plant_455","Family_48"
"Oubanguia_africana","Oubanguia","Plant_456","Family_48"
"Oubanguia_alata","Oubanguia","Plant_457","Family_48"
"Petersianthus_macrocarpus","Petersianthus","Plant_458","Family_48"
"Scytopetalum_klaineanum","Scytopetalum","Plant_459","Family_48"
"Scytopetalum_pierreanum","Scytopetalum","Plant_460","Family_48"
"Scytopetalum_tieghemii","Scytopetalum","Plant_461","Family_48"
"Lepidobotrys_staudtii","Lepidobotrys","Plant_462","Family_49"
"Strychnos_congolana","Strychnos","Plant_463","Family_50"
"Strychnos_gnetifolia","Strychnos","Plant_464","Family_50"
"Strychnos_innocua","Strychnos","Plant_465","Family_50"
"Strychnos_madagascariensis","Strychnos","Plant_466","Family_50"
"Strychnos_mitis","Strychnos","Plant_467","Family_50"
"Abutilon_guineense","Abutilon","Plant_468","Family_51"
"Adansonia_digitata","Adansonia","Plant_469","Family_51"
"Bombax_buonopozense","Bombax","Plant_470","Family_51"
"Ceiba_pentandra","Ceiba","Plant_471","Family_51"
"Christiana_africana","Christiana","Plant_472","Family_51"
"Cola_acuminata","Cola","Plant_473","Family_51"
"Cola_attiensis","Cola","Plant_474","Family_51"
"Cola_bruneelii","Cola","Plant_475","Family_51"
"Cola_cauliflora","Cola","Plant_476","Family_51"
"Cola_chlamydantha","Cola","Plant_477","Family_51"
"Cola_cordifolia","Cola","Plant_478","Family_51"
"Cola_digitata","Cola","Plant_479","Family_51"
"Cola_diversifolia","Cola","Plant_480","Family_51"
"Cola_flavo-velutina","Cola","Plant_481","Family_51"
"Cola_gabonensis","Cola","Plant_482","Family_51"
"Cola_gigantea","Cola","Plant_483","Family_51"
"Cola_griseiflora","Cola","Plant_484","Family_51"
"Cola_lateritia","Cola","Plant_485","Family_51"
"Cola_lepidota","Cola","Plant_486","Family_51"
"Cola_lizae","Cola","Plant_487","Family_51"
"Cola_marsupium","Cola","Plant_488","Family_51"
"Cola_millenii","Cola","Plant_489","Family_51"
"Cola_nitida","Cola","Plant_490","Family_51"
"Cola_pachycarpa","Cola","Plant_491","Family_51"
"Cola_rostrata","Cola","Plant_492","Family_51"
"Desplatsia_dewevrei","Desplatsia","Plant_493","Family_51"
"Desplatsia_subericarpa","Desplatsia","Plant_494","Family_51"
"Dombeya_kirkii","Dombeya","Plant_495","Family_51"
"Dombeya_torrida","Dombeya","Plant_496","Family_51"
"Duboscia_macrocarpa","Duboscia","Plant_497","Family_51"
"Duboscia_viridiﬂora","Duboscia","Plant_498","Family_51"
"Grewia_coriacea","Grewia","Plant_499","Family_51"
"Grewia_hookeriana","Grewia","Plant_500","Family_51"
"Grewia_louisii","Grewia","Plant_501","Family_51"
"Grewia_mildbraedii","Grewia","Plant_502","Family_51"
"Grewia_mollis","Grewia","Plant_503","Family_51"
"Grewia_oligoneura","Grewia","Plant_504","Family_51"
"Grewia_pinnatifida","Grewia","Plant_505","Family_51"
"Grewia_rothii","Grewia","Plant_506","Family_51"
"Grewia_seretii","Grewia","Plant_507","Family_51"
"Hibiscus_articulatus","Hibiscus","Plant_508","Family_51"
"Hibiscus_cannabinus","Hibiscus","Plant_509","Family_51"
"Hibiscus_micranthus","Hibiscus","Plant_510","Family_51"
"Hildegardia_barteri","Hildegardia","Plant_511","Family_51"
"Leptonychia_batangensis","Leptonychia","Plant_512","Family_51"
"Leptonychia_echinocarpa","Leptonychia","Plant_513","Family_51"
"Leptonychia_mildbraedii","Leptonychia","Plant_514","Family_51"
"Microcos_coriacea","Microcos","Plant_515","Family_51"
"Microcos_pinnatifida","Microcos","Plant_516","Family_51"
"Nesogordonia_papaverifera","Nesogordonia","Plant_517","Family_51"
"Octolobus_spectabilis","Octolobus","Plant_518","Family_51"
"Pterygota_bequaertii","Pterygota","Plant_519","Family_51"
"Pterygota_mildbraedii","Pterygota","Plant_520","Family_51"
"Sida_acuta","Sida","Plant_521","Family_51"
"Sida_rhombifolia","Sida","Plant_522","Family_51"
"Sida_spinosa","Sida","Plant_523","Family_51"
"Sterculia_dawei","Sterculia","Plant_524","Family_51"
"Sterculia_oblonga","Sterculia","Plant_525","Family_51"
"Sterculia_rhinopetala","Sterculia","Plant_526","Family_51"
"Sterculia_tragacantha","Sterculia","Plant_527","Family_51"
"Triumfetta_cordifolia","Triumfetta","Plant_528","Family_51"
"Memecylon_afzelii","Memecylon","Plant_529","Family_52"
"Memecylon_lateriflorum","Memecylon","Plant_530","Family_52"
"Memecylon_polyanthemos","Memecylon","Plant_531","Family_52"
"Warneckea_cinnamomoides","Warneckea","Plant_532","Family_52"
"Warneckea_walikalensis","Warneckea","Plant_533","Family_52"
"Azadirachta_indica","Azadirachta","Plant_534","Family_53"
"Carapa_grandiflora","Carapa","Plant_535","Family_53"
"Carapa_procera","Carapa","Plant_536","Family_53"
"Ekebergia_capensis","Ekebergia","Plant_537","Family_53"
"Heckeldora_staudtii","Heckeldora","Plant_538","Family_53"
"Khaya_senegalensis","Khaya","Plant_539","Family_53"
"Leplaea_cedrata","Leplaea","Plant_540","Family_53"
"Leplaea_laurentii","Leplaea","Plant_541","Family_53"
"Leplaea_mayombensis","Leplaea","Plant_542","Family_53"
"Leplaea_thompsonii","Leplaea","Plant_543","Family_53"
"Lovoa_trichilioides","Lovoa","Plant_544","Family_53"
"Trichilia_drageana","Trichilia","Plant_545","Family_53"
"Trichilia_emetica","Trichilia","Plant_546","Family_53"
"Trichilia_gilgiana","Trichilia","Plant_547","Family_53"
"Trichilia_gilletii","Trichilia","Plant_548","Family_53"
"Trichilia_monadelpha","Trichilia","Plant_549","Family_53"
"Trichilia_prieuriana","Trichilia","Plant_550","Family_53"
"Trichilia_rubescens","Trichilia","Plant_551","Family_53"
"Trichilia_tessmannii","Trichilia","Plant_552","Family_53"
"Trichilia_welwitschii","Trichilia","Plant_553","Family_53"
"Turraeanthus_africanus","Turraeanthus","Plant_554","Family_53"
"Xymalos_monospora","Xymalos","Plant_555","Family_54"
"Grevea_eggelingii","Grevea","Plant_556","Family_55"
"Antiaris_toxicaria","Antiaris","Plant_557","Family_56"
"Broussonetia_papyrifera","Broussonetia","Plant_558","Family_56"
"Ficus_amadiensis","Ficus","Plant_559","Family_56"
"Ficus_ampelos","Ficus","Plant_560","Family_56"
"Ficus_angolensis","Ficus","Plant_561","Family_56"
"Ficus_artocarpoides","Ficus","Plant_562","Family_56"
"Ficus_asperifolia","Ficus","Plant_563","Family_56"
"Ficus_barteri","Ficus","Plant_564","Family_56"
"Ficus_bubu","Ficus","Plant_565","Family_56"
"Ficus_burretiana","Ficus","Plant_566","Family_56"
"Ficus_conraui","Ficus","Plant_567","Family_56"
"Ficus_craterostoma","Ficus","Plant_568","Family_56"
"Ficus_cyathistipula","Ficus","Plant_569","Family_56"
"Ficus_densistipulata","Ficus","Plant_570","Family_56"
"Ficus_dicranostyla","Ficus","Plant_571","Family_56"
"Ficus_elasticoides","Ficus","Plant_572","Family_56"
"Ficus_exasperata","Ficus","Plant_573","Family_56"
"Ficus_ingens","Ficus","Plant_574","Family_56"
"Ficus_jansii","Ficus","Plant_575","Family_56"
"Ficus_kamerunensis","Ficus","Plant_576","Family_56"
"Ficus_lingua","Ficus","Plant_577","Family_56"
"Ficus_louisii","Ficus","Plant_578","Family_56"
"Ficus_lutea","Ficus","Plant_579","Family_56"
"Ficus_lyrata","Ficus","Plant_580","Family_56"
"Ficus_mucuso","Ficus","Plant_581","Family_56"
"Ficus_natalensis","Ficus","Plant_582","Family_56"
"Ficus_oreadryadum","Ficus","Plant_583","Family_56"
"Ficus_ottoniifolia","Ficus","Plant_584","Family_56"
"Ficus_ovata","Ficus","Plant_585","Family_56"
"Ficus_platyphylla","Ficus","Plant_586","Family_56"
"Ficus_polita","Ficus","Plant_587","Family_56"
"Ficus_pseudomangifera","Ficus","Plant_588","Family_56"
"Ficus_recurvata","Ficus","Plant_589","Family_56"
"Ficus_sagittifolia","Ficus","Plant_590","Family_56"
"Ficus_sansibarica","Ficus","Plant_591","Family_56"
"Ficus_saussureana","Ficus","Plant_592","Family_56"
"Ficus_scott-ellioti","Ficus","Plant_593","Family_56"
"Ficus_sur","Ficus","Plant_594","Family_56"
"Ficus_sycomorus","Ficus","Plant_595","Family_56"
"Ficus_thonningii","Ficus","Plant_596","Family_56"
"Ficus_tremula","Ficus","Plant_597","Family_56"
"Ficus_trichopoda","Ficus","Plant_598","Family_56"
"Ficus_umbellata","Ficus","Plant_599","Family_56"
"Ficus_vallis-choudae","Ficus","Plant_600","Family_56"
"Ficus_variifolia","Ficus","Plant_601","Family_56"
"Ficus_vogeliana","Ficus","Plant_602","Family_56"
"Ficus_wildemania","Ficus","Plant_603","Family_56"
"Milicia_excelsa","Milicia","Plant_604","Family_56"
"Milicia_regia","Milicia","Plant_605","Family_56"
"Morus_mesozygia","Morus","Plant_606","Family_56"
"Treculia_africana","Treculia","Plant_607","Family_56"
"Treculia_obovoidea","Treculia","Plant_608","Family_56"
"Trilepisium_madagascariense","Trilepisium","Plant_609","Family_56"
"Musa_paradisiaca","Musa","Plant_610","Family_57"
"Coelocaryon_botryoides","Coelocaryon","Plant_611","Family_58"
"Coelocaryon_oxycarpum","Coelocaryon","Plant_612","Family_58"
"Coelocaryon_preussii","Coelocaryon","Plant_613","Family_58"
"Pycnanthus_angolensis","Pycnanthus","Plant_614","Family_58"
"Scyphocephalium_mannii","Scyphocephalium","Plant_615","Family_58"
"Scyphocephalium_ochocoa","Scyphocephalium","Plant_616","Family_58"
"Staudtia_kamerunensis","Staudtia","Plant_617","Family_58"
"Eugenia_fernandopoana","Eugenia","Plant_618","Family_59"
"Eugenia_gilgii","Eugenia","Plant_619","Family_59"
"Eugenia_staudtii","Eugenia","Plant_620","Family_59"
"Psidium_guajava","Psidium","Plant_621","Family_59"
"Psidium_guineense","Psidium","Plant_622","Family_59"
"Syzygium_cordatum","Syzygium","Plant_623","Family_59"
"Syzygium_guineense","Syzygium","Plant_624","Family_59"
"Syzygium_owariense","Syzygium","Plant_625","Family_59"
"Syzygium_rowlandii","Syzygium","Plant_626","Family_59"
"Ochna_afzelii","Ochna","Plant_627","Family_60"
"Coula_edulis","Coula","Plant_628","Family_61"
"Diogoa_zenkeri","Diogoa","Plant_629","Family_61"
"Heisteria_parvifolia","Heisteria","Plant_630","Family_61"
"Heisteria_zimmereri","Heisteria","Plant_631","Family_61"
"Octoknema_borealis","Octoknema","Plant_632","Family_61"
"Olax_subscorpioidea","Olax","Plant_633","Family_61"
"Ongokea_gore","Ongokea","Plant_634","Family_61"
"Ptychopetalum_petiolatum","Ptychopetalum","Plant_635","Family_61"
"Strombosia_grandifolia","Strombosia","Plant_636","Family_61"
"Strombosia_nigropunctata","Strombosia","Plant_637","Family_61"
"Strombosia_pustulata","Strombosia","Plant_638","Family_61"
"Strombosia_scheffleri","Strombosia","Plant_639","Family_61"
"Strombosia_zenkeri","Strombosia","Plant_640","Family_61"
"Strombosiopsis_tetrandra","Strombosiopsis","Plant_641","Family_61"
"Ximenia_americana","Ximenia","Plant_642","Family_61"
"Chionanthus_africanus","Chionanthus","Plant_643","Family_62"
"Jasminum_abyssinicum","Jasminum","Plant_644","Family_62"
"Olea_capensis","Olea","Plant_645","Family_62"
"Olea_hochstetteri","Olea","Plant_646","Family_62"
"Olea_welwitschii","Olea","Plant_647","Family_62"
"Microdesmis_puberula","Microdesmis","Plant_648","Family_63"
"Panda_oleosa","Panda","Plant_649","Family_63"
"Adenia_cissampeloides","Adenia","Plant_650","Family_64"
"Barteria_dewevrei","Barteria","Plant_651","Family_64"
"Barteria_fistulosa","Barteria","Plant_652","Family_64"
"Barteria_nigritana","Barteria","Plant_653","Family_64"
"Barteria_solida","Barteria","Plant_654","Family_64"
"Paropsia_grewioides","Paropsia","Plant_655","Family_64"
"Smeathmannia_pubescens","Smeathmannia","Plant_656","Family_64"
"Tricliceras_brevicaule","Tricliceras","Plant_657","Family_64"
"Olinia_rochetiana","Olinia","Plant_658","Family_65"
"Olinia_usambarensis","Olinia","Plant_659","Family_65"
"Balthasaria_schliebenii","Balthasaria","Plant_660","Family_66"
"Antidesma_laciniatum","Antidesma","Plant_661","Family_67"
"Antidesma_vogelianum","Antidesma","Plant_662","Family_67"
"Bischofia_javanica","Bischofia","Plant_663","Family_67"
"Bridelia_brideliifolia","Bridelia","Plant_664","Family_67"
"Bridelia_ferruginea","Bridelia","Plant_665","Family_67"
"Bridelia_grandis","Bridelia","Plant_666","Family_67"
"Bridelia_micrantha","Bridelia","Plant_667","Family_67"
"Bridelia_speciosa","Bridelia","Plant_668","Family_67"
"Cleistanthus_michelsonii","Cleistanthus","Plant_669","Family_67"
"Cleistanthus_polystachyus","Cleistanthus","Plant_670","Family_67"
"Flueggea_virosa","Flueggea","Plant_671","Family_67"
"Hymenocardia_acida","Hymenocardia","Plant_672","Family_67"
"Keayodendron_bridelioides","Keayodendron","Plant_673","Family_67"
"Maesobotrya_barteri","Maesobotrya","Plant_674","Family_67"
"Maesobotrya_bertramiana","Maesobotrya","Plant_675","Family_67"
"Maesobotrya_klaineana","Maesobotrya","Plant_676","Family_67"
"Maesobotrya_staudtii","Maesobotrya","Plant_677","Family_67"
"Margaritaria_discoidea","Margaritaria","Plant_678","Family_67"
"Phyllanthus_polyanthus","Phyllanthus","Plant_679","Family_67"
"Protomegabaria_stapfiana","Protomegabaria","Plant_680","Family_67"
"Pseudolachnostylis_maprouneifolia","Pseudolachnostylis","Plant_681","Family_67"
"Spondianthus_preussii","Spondianthus","Plant_682","Family_67"
"Uapaca_acuminata","Uapaca","Plant_683","Family_67"
"Uapaca_guineensis","Uapaca","Plant_684","Family_67"
"Uapaca_heudelotii","Uapaca","Plant_685","Family_67"
"Uapaca_pynaertii","Uapaca","Plant_686","Family_67"
"Uapaca_sansibarica","Uapaca","Plant_687","Family_67"
"Uapaca_staudtii","Uapaca","Plant_688","Family_67"
"Uapaca_togoensis","Uapaca","Plant_689","Family_67"
"Uapaca_vanhouttei","Uapaca","Plant_690","Family_67"
"Phytolacca_dodecandra","Phytolacca","Plant_691","Family_68"
"Oldfieldia_africana","Oldfieldia","Plant_692","Family_69"
"Piper_guineense","Piper","Plant_693","Family_70"
"Pittosporum_viridiflorum","Pittosporum","Plant_694","Family_71"
"Brachiaria_deflexa","Brachiaria","Plant_695","Family_72"
"Brachiaria_xantholeuca","Brachiaria","Plant_696","Family_72"
"Cynodon_dactylon","Cynodon","Plant_697","Family_72"
"Deschampsia_cespitosa","Deschampsia","Plant_698","Family_72"
"Dichanthelium_dichotomum","Dichanthelium","Plant_699","Family_72"
"Digitaria_leucites","Digitaria","Plant_700","Family_72"
"Digitaria_milanjiana","Digitaria","Plant_701","Family_72"
"Eleusine_indica","Eleusine","Plant_702","Family_72"
"Eriochloa_barbatus","Eriochloa","Plant_703","Family_72"
"Hordeum_vulgare","Hordeum","Plant_704","Family_72"
"Hyparrhenia_filipendula","Hyparrhenia","Plant_705","Family_72"
"Leptochloa_panicea","Leptochloa","Plant_706","Family_72"
"Megathyrsus_infestus","Megathyrsus","Plant_707","Family_72"
"Oryza_punctata","Oryza","Plant_708","Family_72"
"Poa_infirma","Poa","Plant_709","Family_72"
"Setaria_incrassata","Setaria","Plant_710","Family_72"
"Sorghum_arundinaceum","Sorghum","Plant_711","Family_72"
"Sorghum_veriscolor","Sorghum","Plant_712","Family_72"
"Sporobolus_fimbriatus","Sporobolus","Plant_713","Family_72"
"Sporobolus_ioclados","Sporobolus","Plant_714","Family_72"
"Sporobolus_pyramidalis","Sporobolus","Plant_715","Family_72"
"Themeda_triandra","Themeda","Plant_716","Family_72"
"Tricholaena_monachne","Tricholaena","Plant_717","Family_72"
"Urochloa_brizantha","Urochloa","Plant_718","Family_72"
"Urochloa_trichopus","Urochloa","Plant_719","Family_72"
"Podocarpus_milanjianus","Podocarpus","Plant_720","Family_73"
"Embelia_schimperi","Embelia","Plant_721","Family_74"
"Maesa_lanceolata","Maesa","Plant_722","Family_74"
"Rapanea_melanophloeos","Rapanea","Plant_723","Family_74"
"Drypetes_aframensis","Drypetes","Plant_724","Family_75"
"Drypetes_angustifolia","Drypetes","Plant_725","Family_75"
"Drypetes_aubrevillei","Drypetes","Plant_726","Family_75"
"Drypetes_bipindensis","Drypetes","Plant_727","Family_75"
"Drypetes_capillipes","Drypetes","Plant_728","Family_75"
"Drypetes_chevalieri","Drypetes","Plant_729","Family_75"
"Drypetes_cinnabarina","Drypetes","Plant_730","Family_75"
"Drypetes_diopa","Drypetes","Plant_731","Family_75"
"Drypetes_floribunda","Drypetes","Plant_732","Family_75"
"Drypetes_gerrardii","Drypetes","Plant_733","Family_75"
"Drypetes_gilgiana","Drypetes","Plant_734","Family_75"
"Drypetes_gossweileri","Drypetes","Plant_735","Family_75"
"Drypetes_inaequalis","Drypetes","Plant_736","Family_75"
"Drypetes_ivorensis","Drypetes","Plant_737","Family_75"
"Drypetes_klainei","Drypetes","Plant_738","Family_75"
"Drypetes_laciniata","Drypetes","Plant_739","Family_75"
"Drypetes_leonensis","Drypetes","Plant_740","Family_75"
"Drypetes_occidentalis","Drypetes","Plant_741","Family_75"
"Drypetes_pellegrini","Drypetes","Plant_742","Family_75"
"Drypetes_spinosodentata","Drypetes","Plant_743","Family_75"
"Maesopsis_eminii","Maesopsis","Plant_744","Family_76"
"Phyllogeiton_discolor","Phyllogeiton","Plant_745","Family_76"
"Rhamnus_prinoides","Rhamnus","Plant_746","Family_76"
"Anopyxis_klaineana","Anopyxis","Plant_747","Family_77"
"Cassipourea_barteri","Cassipourea","Plant_748","Family_77"
"Cassipourea_gummiflua","Cassipourea","Plant_749","Family_77"
"Cassipourea_ruwenzoriensis","Cassipourea","Plant_750","Family_77"
"Hagenia_abyssinica","Hagenia","Plant_751","Family_78"
"Prunus_africana","Prunus","Plant_752","Family_78"
"Rubus_apetalus","Rubus","Plant_753","Family_78"
"Aidia_genipiflora","Aidia","Plant_754","Family_79"
"Aidia_micrantha","Aidia","Plant_755","Family_79"
"Aoranthe_cladantha","Aoranthe","Plant_756","Family_79"
"Bertiera_aethiopica","Bertiera","Plant_757","Family_79"
"Brenania_brieyi","Brenania","Plant_758","Family_79"
"Brenania_rhomboideifolia","Brenania","Plant_759","Family_79"
"Bullockia_setiflora","Bullockia","Plant_760","Family_79"
"Canthium_oligocarpum","Canthium","Plant_761","Family_79"
"Chassalia_subochreata","Chassalia","Plant_762","Family_79"
"Coffea_eugenioides","Coffea","Plant_763","Family_79"
"Colletoecema_dewevrei","Colletoecema","Plant_764","Family_79"
"Craterispermum_caudatum","Craterispermum","Plant_765","Family_79"
"Craterispermum_cerinanthum","Craterispermum","Plant_766","Family_79"
"Craterispermum_laurinum","Craterispermum","Plant_767","Family_79"
"Craterispermum_schweinfurthii","Craterispermum","Plant_768","Family_79"
"Cremaspora_triflora","Cremaspora","Plant_769","Family_79"
"Crossopteryx_febrifuga","Crossopteryx","Plant_770","Family_79"
"Dictyandra_arborescens","Dictyandra","Plant_771","Family_79"
"Empogona_breteleri","Empogona","Plant_772","Family_79"
"Empogona_gossweileri","Empogona","Plant_773","Family_79"
"Empogona_macrophylla","Empogona","Plant_774","Family_79"
"Fleroya_ledermannii","Fleroya","Plant_775","Family_79"
"Galiniera_saxifraga","Galiniera","Plant_776","Family_79"
"Gardenia_aqualla","Gardenia","Plant_777","Family_79"
"Ixora_burundiensis","Ixora","Plant_778","Family_79"
"Keetia_venosa","Keetia","Plant_779","Family_79"
"Massularia_acuminata","Massularia","Plant_780","Family_79"
"Meyna_tetraphylla","Meyna","Plant_781","Family_79"
"Mitragyna_stipulosa","Mitragyna","Plant_782","Family_79"
"Morinda_lucida","Morinda","Plant_783","Family_79"
"Morinda_morindoides","Morinda","Plant_784","Family_79"
"Mussaenda_debeauxii","Mussaenda","Plant_785","Family_79"
"Nauclea_diderrichii","Nauclea","Plant_786","Family_79"
"Nauclea_gilletii","Nauclea","Plant_787","Family_79"
"Nauclea_latifolia","Nauclea","Plant_788","Family_79"
"Nauclea_pobeguinii","Nauclea","Plant_789","Family_79"
"Nauclea_vanderguchtii","Nauclea","Plant_790","Family_79"
"Nauclea_xanthoxylon","Nauclea","Plant_791","Family_79"
"Neonauclea_excelsa","Neonauclea","Plant_792","Family_79"
"Oxyanthus_racemosus","Oxyanthus","Plant_793","Family_79"
"Oxyanthus_speciosus","Oxyanthus","Plant_794","Family_79"
"Oxyanthus_unilocularis","Oxyanthus","Plant_795","Family_79"
"Pavetta_fascifolia","Pavetta","Plant_796","Family_79"
"Pavetta_oliveriana","Pavetta","Plant_797","Family_79"
"Psychotria_camptopus","Psychotria","Plant_798","Family_79"
"Psychotria_lauracea","Psychotria","Plant_799","Family_79"
"Psychotria_mahonii","Psychotria","Plant_800","Family_79"
"Psychotria_orophila","Psychotria","Plant_801","Family_79"
"Psychotria_peduncularis","Psychotria","Plant_802","Family_79"
"Psychotria_vogeliana","Psychotria","Plant_803","Family_79"
"Psydrax_arnoldiana","Psydrax","Plant_804","Family_79"
"Psydrax_parviflora","Psydrax","Plant_805","Family_79"
"Psydrax_subcordata","Psydrax","Plant_806","Family_79"
"Rutidea_dupuisii","Rutidea","Plant_807","Family_79"
"Rytigynia_canthioides","Rytigynia","Plant_808","Family_79"
"Rytigynia_kigeziensis","Rytigynia","Plant_809","Family_79"
"Rytigynia_umbellulata","Rytigynia","Plant_810","Family_79"
"Sarcocephalus_latifolius","Sarcocephalus","Plant_811","Family_79"
"Sarcocephalus_pobeguinii","Sarcocephalus","Plant_812","Family_79"
"Sericanthe_leonardii","Sericanthe","Plant_813","Family_79"
"Spermacoce_sphaerostigma","Spermacoce","Plant_814","Family_79"
"Vangueria_apiculata","Vangueria","Plant_815","Family_79"
"Afraegle_paniculata","Afraegle","Plant_816","Family_80"
"Fagaropsis_angolensis","Fagaropsis","Plant_817","Family_80"
"Harrisonia_abyssinica","Harrisonia","Plant_818","Family_80"
"Toddalia_asiatica","Toddalia","Plant_819","Family_80"
"Vepris_nobilis","Vepris","Plant_820","Family_80"
"Vepris_soyauxii","Vepris","Plant_821","Family_80"
"Vepris_stolzii","Vepris","Plant_822","Family_80"
"Vepris_trichocarpa","Vepris","Plant_823","Family_80"
"Zanthoxylum_gilletii","Zanthoxylum","Plant_824","Family_80"
"Zanthoxylum_heitzii","Zanthoxylum","Plant_825","Family_80"
"Zanthoxylum_leprieuri","Zanthoxylum","Plant_826","Family_80"
"Casearia_barteri","Casearia","Plant_827","Family_81"
"Casearia_battiscombei","Casearia","Plant_828","Family_81"
"Casearia_engleri","Casearia","Plant_829","Family_81"
"Dovyalis_abyssinica","Dovyalis","Plant_830","Family_81"
"Dovyalis_macrocalyx","Dovyalis","Plant_831","Family_81"
"Dovyalis_zenkeri","Dovyalis","Plant_832","Family_81"
"Flacourtia_indica","Flacourtia","Plant_833","Family_81"
"Oncoba_brevipes","Oncoba","Plant_834","Family_81"
"Oncoba_crepiniana","Oncoba","Plant_835","Family_81"
"Oncoba_dentata","Oncoba","Plant_836","Family_81"
"Oncoba_glauca","Oncoba","Plant_837","Family_81"
"Oncoba_mannii","Oncoba","Plant_838","Family_81"
"Oncoba_routledgei","Oncoba","Plant_839","Family_81"
"Oncoba_spinosa","Oncoba","Plant_840","Family_81"
"Oncoba_welwitschii","Oncoba","Plant_841","Family_81"
"Okoubaka_aubrevillei","Okoubaka","Plant_842","Family_82"
"Allophylus_abyssinicus","Allophylus","Plant_843","Family_83"
"Allophylus_africanus","Allophylus","Plant_844","Family_83"
"Allophylus_ferrugineus","Allophylus","Plant_845","Family_83"
"Allophylus_kiwuensis","Allophylus","Plant_846","Family_83"
"Allophylus_pseudopaniculatus","Allophylus","Plant_847","Family_83"
"Aporrhiza_paniculata","Aporrhiza","Plant_848","Family_83"
"Blighia_sapida","Blighia","Plant_849","Family_83"
"Blighia_unijugata","Blighia","Plant_850","Family_83"
"Blighia_welwitschii","Blighia","Plant_851","Family_83"
"Chytranthus_angustifolius","Chytranthus","Plant_852","Family_83"
"Chytranthus_atroviolaceus","Chytranthus","Plant_853","Family_83"
"Chytranthus_carneus","Chytranthus","Plant_854","Family_83"
"Chytranthus_gilletii","Chytranthus","Plant_855","Family_83"
"Chytranthus_macrobotrys","Chytranthus","Plant_856","Family_83"
"Chytranthus_talbotii","Chytranthus","Plant_857","Family_83"
"Eriocoelum_macrocarpum","Eriocoelum","Plant_858","Family_83"
"Eriocoelum_microspermum","Eriocoelum","Plant_859","Family_83"
"Eriocoelum_oblongum","Eriocoelum","Plant_860","Family_83"
"Ganophyllum_giganteum","Ganophyllum","Plant_861","Family_83"
"Haplocoelum_inoploeum","Haplocoelum","Plant_862","Family_83"
"Lecaniodiscus_cupanioides","Lecaniodiscus","Plant_863","Family_83"
"Lepisanthes_senegalensis","Lepisanthes","Plant_864","Family_83"
"Pancovia_bijuga","Pancovia","Plant_865","Family_83"
"Pancovia_laurentii","Pancovia","Plant_866","Family_83"
"Pancovia_turbinata","Pancovia","Plant_867","Family_83"
"Placodiscus_boya","Placodiscus","Plant_868","Family_83"
"Placodiscus_paniculatus","Placodiscus","Plant_869","Family_83"
"Tridesmostemon_omphalocarpoides","Tridesmostemon","Plant_870","Family_83"
"Zanha_golungensis","Zanha","Plant_871","Family_83"
"Afrosersalisia_rwandense","Afrosersalisia","Plant_872","Family_84"
"Aningeria_altissima","Aningeria","Plant_873","Family_84"
"Aubregrinia_taiensis","Aubregrinia","Plant_874","Family_84"
"Autranella_congolensis","Autranella","Plant_875","Family_84"
"Baillonella_toxisperma","Baillonella","Plant_876","Family_84"
"Breviea_sericea","Breviea","Plant_877","Family_84"
"Chrysophyllum_africanum","Chrysophyllum","Plant_878","Family_84"
"Chrysophyllum_albidum","Chrysophyllum","Plant_879","Family_84"
"Chrysophyllum_beguei","Chrysophyllum","Plant_880","Family_84"
"Chrysophyllum_boukokoense","Chrysophyllum","Plant_881","Family_84"
"Chrysophyllum_gorungosanum","Chrysophyllum","Plant_882","Family_84"
"Chrysophyllum_lacourtianum","Chrysophyllum","Plant_883","Family_84"
"Chrysophyllum_ogoouense","Chrysophyllum","Plant_884","Family_84"
"Chrysophyllum_perpulchrum","Chrysophyllum","Plant_885","Family_84"
"Chrysophyllum_pruniforme","Chrysophyllum","Plant_886","Family_84"
"Chrysophyllum_subnudum","Chrysophyllum","Plant_887","Family_84"
"Chrysophyllum_taiense","Chrysophyllum","Plant_888","Family_84"
"Chrysophyllum_ubangiense","Chrysophyllum","Plant_889","Family_84"
"Chrysophyllum_welwitschii","Chrysophyllum","Plant_890","Family_84"
"Englerophytum_oblanceolatum","Englerophytum","Plant_891","Family_84"
"Gambeya_albida","Gambeya","Plant_892","Family_84"
"Gambeya_gorungosana","Gambeya","Plant_893","Family_84"
"Inhambanella_guereensis","Inhambanella","Plant_894","Family_84"
"Lecomtedoxa_Klaineana","Lecomtedoxa","Plant_895","Family_84"
"Malacantha_alnifolia","Malacantha","Plant_896","Family_84"
"Manilkara_butugi","Manilkara","Plant_897","Family_84"
"Manilkara_fouilloyana","Manilkara","Plant_898","Family_84"
"Manilkara_mabokeensis","Manilkara","Plant_899","Family_84"
"Manilkara_malcoleus","Manilkara","Plant_900","Family_84"
"Manilkara_mochisia","Manilkara","Plant_901","Family_84"
"Manilkara_obovata","Manilkara","Plant_902","Family_84"
"Manilkara_yangambiensis","Manilkara","Plant_903","Family_84"
"Manilkara_zapota","Manilkara","Plant_904","Family_84"
"Mimusops_andongensis","Mimusops","Plant_905","Family_84"
"Mimusops_bagshawei","Mimusops","Plant_906","Family_84"
"Mimusops_kummel","Mimusops","Plant_907","Family_84"
"Omphalocarpum_ahia","Omphalocarpum","Plant_908","Family_84"
"Omphalocarpum_elatum","Omphalocarpum","Plant_909","Family_84"
"Omphalocarpum_lecomteanum","Omphalocarpum","Plant_910","Family_84"
"Omphalocarpum_mortehanii","Omphalocarpum","Plant_911","Family_84"
"Omphalocarpum_procerum","Omphalocarpum","Plant_912","Family_84"
"Pouteria_adolfi-frederici","Pouteria","Plant_913","Family_84"
"Pouteria_alnifolia","Pouteria","Plant_914","Family_84"
"Pouteria_altissima","Pouteria","Plant_915","Family_84"
"Pouteria_aningeri","Pouteria","Plant_916","Family_84"
"Synsepalum_afzelii","Synsepalum","Plant_917","Family_84"
"Synsepalum_brevipes","Synsepalum","Plant_918","Family_84"
"Synsepalum_cerasiferum","Synsepalum","Plant_919","Family_84"
"Synsepalum_dulcificum","Synsepalum","Plant_920","Family_84"
"Synsepalum_msolo","Synsepalum","Plant_921","Family_84"
"Synsepalum_stipulatum","Synsepalum","Plant_922","Family_84"
"Tieghemella_africana","Tieghemella","Plant_923","Family_84"
"Tieghemella_heckelii","Tieghemella","Plant_924","Family_84"
"Vitellaria_paradoxa","Vitellaria","Plant_925","Family_84"
"Zeyherella_longepedicellata","Zeyherella","Plant_926","Family_84"
"Gymnostemon_zaizou","Gymnostemon","Plant_927","Family_85"
"Pierreodendron_kerstingii","Pierreodendron","Plant_928","Family_85"
"Quassia_gabonensis","Quassia","Plant_929","Family_85"
"Ficalhoa_laurifolia","Ficalhoa","Plant_930","Family_86"
"Solanum_etuberosum","Solanum","Plant_931","Family_87"
"Solanum_incanum","Solanum","Plant_932","Family_87"
"Solanum_mauritianum","Solanum","Plant_933","Family_87"
"Solanum_terminale","Solanum","Plant_934","Family_87"
"Nuxia_congesta","Nuxia","Plant_935","Family_88"
"Chaetachme_aristata","Chaetachme","Plant_936","Family_89"
"Musanga_cecropioides","Musanga","Plant_937","Family_90"
"Musanga_leo-errerae","Musanga","Plant_938","Family_90"
"Myrianthus_arboreus","Myrianthus","Plant_939","Family_90"
"Myrianthus_holstii","Myrianthus","Plant_940","Family_90"
"Myrianthus_libericus","Myrianthus","Plant_941","Family_90"
"Myrianthus_preussi","Myrianthus","Plant_942","Family_90"
"Urera_hypselodendron","Urera","Plant_943","Family_90"
"Lantana_radula","Lantana","Plant_944","Family_91"
"Rinorea_oblongifolia","Rinorea","Plant_945","Family_92"
"Cissus_cornifolia","Cissus","Plant_946","Family_93"
"Cissus_dinklagei","Cissus","Plant_947","Family_93"
"Cissus_populnea","Cissus","Plant_948","Family_93"
"Cissus_verticillata","Cissus","Plant_949","Family_93"
"Cyphostemma_adenocaule","Cyphostemma","Plant_950","Family_93"
"Cyphostemma_gigantophyllum","Cyphostemma","Plant_951","Family_93"
"Leea_guineensis","Leea","Plant_952","Family_93"
"Aframomum_angustifolium","Aframomum","Plant_953","Family_94"
"Aframomum_exscapum","Aframomum","Plant_954","Family_94"
"Siphonochilus_kirkii","Siphonochilus","Plant_955","Family_94"
"Balanites_aegyptiaca","Balanites","Plant_956","Family_95"
"Balanites_wilsoniana","Balanites","Plant_957","Family_95"
