"Animal_Species_Corrected","Animal_Genus","Animal_Genus2","Animal_Family","Animal_Taxa_Type","Animal_Class","Animal_Taxa_Type_Courser","Animal_Species_Generic","Animal_Family_Generic"
"Gypohierax_angolensis","Gypohierax","Gypohierax","Accipitridae","Large_birds","Aves","Large_birds","Frugivore_1","Family_1"
"Bycanistes_albotibialis","Bycanistes","Bycanistes","Bucerotidae","Large_birds","Aves","Large_birds","Frugivore_2","Family_2"
"Bycanistes_fistulator","Bycanistes","Bycanistes","Bucerotidae","Large_birds","Aves","Large_birds","Frugivore_3","Family_2"
"Bycanistes_sharpii","Bycanistes","Bycanistes","Bucerotidae","Large_birds","Aves","Large_birds","Frugivore_4","Family_2"
"Bycanistes_subcylindricus","Bycanistes","Bycanistes","Bucerotidae","Large_birds","Aves","Large_birds","Frugivore_5","Family_2"
"Ceratogymna_atrata","Ceratogymna","Ceratogymna","Bucerotidae","Large_birds","Aves","Large_birds","Frugivore_6","Family_2"
"Ceratogymna_elata","Ceratogymna","Ceratogymna","Bucerotidae","Large_birds","Aves","Large_birds","Frugivore_7","Family_2"
"Horizocerus_albocristatus","Horizocerus","Horizocerus","Bucerotidae","Large_birds","Aves","Large_birds","Frugivore_8","Family_2"
"Horizocerus_cassini","Horizocerus","Horizocerus","Bucerotidae","Large_birds","Aves","Large_birds","Frugivore_9","Family_2"
"Lophoceros_alboterminatus","Lophoceros","Lophoceros","Bucerotidae","Large_birds","Aves","Large_birds","Frugivore_10","Family_2"
"Lophoceros_fasciatus","Lophoceros","Lophoceros","Bucerotidae","Large_birds","Aves","Large_birds","Frugivore_11","Family_2"
"Lophoceros_semifasciatus","Lophoceros","Lophoceros","Bucerotidae","Large_birds","Aves","Large_birds","Frugivore_12","Family_2"
"Aplopelia_larvata","Aplopelia","Aplopelia","Columbidae","Large_birds","Aves","Large_birds","Frugivore_13","Family_3"
"Columba_arquatrix","Columba","Columba","Columbidae","Large_birds","Aves","Large_birds","Frugivore_14","Family_3"
"Columba_iriditorques","Columba","Columba","Columbidae","Large_birds","Aves","Large_birds","Frugivore_15","Family_3"
"Columba_sjostedti","Columba","Columba","Columbidae","Large_birds","Aves","Large_birds","Frugivore_16","Family_3"
"Columba_unicincta","Columba","Columba","Columbidae","Large_birds","Aves","Large_birds","Frugivore_17","Family_3"
"Streptopelia_hypopyrrha","Streptopelia","Streptopelia","Columbidae","Large_birds","Aves","Large_birds","Frugivore_18","Family_3"
"Streptopelia_semitorquata","Streptopelia","Streptopelia","Columbidae","Large_birds","Aves","Large_birds","Frugivore_19","Family_3"
"Treron_calvus","Treron","Treron","Columbidae","Large_birds","Aves","Large_birds","Frugivore_20","Family_3"
"Corythaeola_cristata","Corythaeola","Corythaeola","Musophagidae","Large_birds","Aves","Large_birds","Frugivore_21","Family_4"
"Gallirex_johnstoni","Gallirex","Gallirex","Musophagidae","Large_birds","Aves","Large_birds","Frugivore_22","Family_4"
"Musophaga_rossae","Musophaga","Musophaga","Musophagidae","Large_birds","Aves","Large_birds","Frugivore_23","Family_4"
"Musophaga_violacea","Musophaga","Musophaga","Musophagidae","Large_birds","Aves","Large_birds","Frugivore_24","Family_4"
"Tauraco_leucolophus","Tauraco","Tauraco","Musophagidae","Large_birds","Aves","Large_birds","Frugivore_25","Family_4"
"Tauraco_macrorhynchus","Tauraco","Tauraco","Musophagidae","Large_birds","Aves","Large_birds","Frugivore_26","Family_4"
"Tauraco_persa","Tauraco","Tauraco","Musophagidae","Large_birds","Aves","Large_birds","Frugivore_27","Family_4"
"Tauraco_schalowi","Tauraco","Tauraco","Musophagidae","Large_birds","Aves","Large_birds","Frugivore_28","Family_4"
"Tauraco_schuettii","Tauraco","Tauraco","Musophagidae","Large_birds","Aves","Large_birds","Frugivore_29","Family_4"
"Agelastes_niger","Agelastes","Agelastes","Numididae","Large_birds","Aves","Large_birds","Frugivore_30","Family_5"
"Afropavo_congensis","Afropavo","Afropavo","Phasianidae","Large_birds","Aves","Large_birds","Frugivore_31","Family_6"
"Poicephalus_gulielmi","Poicephalus","Poicephalus","Psittacidae","Large_birds","Aves","Large_birds","Frugivore_32","Family_7"
"Poicephalus_robustus","Poicephalus","Poicephalus","Psittacidae","Large_birds","Aves","Large_birds","Frugivore_33","Family_7"
"Psittacus_erithacus","Psittacus","Psittacus","Psittacidae","Large_birds","Aves","Large_birds","Frugivore_34","Family_7"
"Lamprotornis_splendidus","Lamprotornis","Lamprotornis","Sturnidae","Large_birds","Aves","Large_birds","Frugivore_35","Family_8"
"Onychognathus_fulgidus","Onychognathus","Onychognathus","Sturnidae","Large_birds","Aves","Large_birds","Frugivore_36","Family_8"
"Onychognathus_tenuirostris","Onychognathus","Onychognathus","Sturnidae","Large_birds","Aves","Large_birds","Frugivore_37","Family_8"
"Hippolais_pallida","Hippolais","Iduna","Acrocephalidae","Small_birds","Aves","Small_birds","Frugivore_38","Family_9"
"Campephaga_flava","Campephaga","Campephaga","Campephagidae","Small_birds","Aves","Small_birds","Frugivore_39","Family_10"
"Apalis_rufogularis","Apalis","Apalis","Cisticolidae","Small_birds","Aves","Small_birds","Frugivore_40","Family_11"
"Bathmocercus_rufus","Bathmocercus","Bathmocercus","Cisticolidae","Small_birds","Aves","Small_birds","Frugivore_41","Family_11"
"Eremomela_turneri","Eremomela","Eremomela","Cisticolidae","Small_birds","Aves","Small_birds","Frugivore_42","Family_11"
"Hypergerus_atriceps","Hypergerus","Hypergerus","Cisticolidae","Small_birds","Aves","Small_birds","Frugivore_43","Family_11"
"Prinia_bairdii","Prinia","Prinia","Cisticolidae","Small_birds","Aves","Small_birds","Frugivore_44","Family_11"
"Colius_striatus","Colius","Colius","Coliidae","Small_birds","Aves","Small_birds","Frugivore_45","Family_12"
"Turtur_afer","Turtur","Turtur","Columbidae","Small_birds","Aves","Small_birds","Frugivore_46","Family_3"
"Turtur_tympanistria","Turtur","Turtur","Columbidae","Small_birds","Aves","Small_birds","Frugivore_47","Family_3"
"Cuculus_clamosus","Cuculus","Cuculus","Cuculidae","Small_birds","Aves","Small_birds","Frugivore_48","Family_13"
"Estrilda_nonnula","Estrilda","Estrilda","Estrildidae","Small_birds","Aves","Small_birds","Frugivore_49","Family_14"
"Nigrita_bicolor","Nigrita","Nigrita","Estrildidae","Small_birds","Aves","Small_birds","Frugivore_50","Family_14"
"Nigrita_canicapillus","Nigrita","Nigrita","Estrildidae","Small_birds","Aves","Small_birds","Frugivore_51","Family_14"
"Nigrita_fusconotus","Nigrita","Nigrita","Estrildidae","Small_birds","Aves","Small_birds","Frugivore_52","Family_14"
"Nigrita_luteifrons","Nigrita","Nigrita","Estrildidae","Small_birds","Aves","Small_birds","Frugivore_53","Family_14"
"Parmoptila_woodhousei","Parmoptila","Parmoptila","Estrildidae","Small_birds","Aves","Small_birds","Frugivore_54","Family_14"
"Spermophaga_haematina","Spermophaga","Spermophaga","Estrildidae","Small_birds","Aves","Small_birds","Frugivore_55","Family_14"
"Spermophaga_ruficapilla","Spermophaga","Spermophaga","Estrildidae","Small_birds","Aves","Small_birds","Frugivore_56","Family_14"
"Crithagra_dorsostriata","Crithagra","Crithagra","Fringillidae","Small_birds","Aves","Small_birds","Frugivore_57","Family_15"
"Crithagra_mozambica","Crithagra","Crithagra","Fringillidae","Small_birds","Aves","Small_birds","Frugivore_58","Family_15"
"Serinus_citrinelloides","Serinus","Serinus","Fringillidae","Small_birds","Aves","Small_birds","Frugivore_59","Family_15"
"Hylia_prasina","Hylia","Hylia","Hyliidae","Small_birds","Aves","Small_birds","Frugivore_60","Family_16"
"Hyliota_violacea","Hyliota","Hyliota","Hyliotidae","Small_birds","Aves","Small_birds","Frugivore_61","Family_17"
"Prodotiscus_insignis","Prodotiscus","Prodotiscus","Indicatoridae","Small_birds","Aves","Small_birds","Frugivore_62","Family_18"
"Buccanodon_duchaillui","Buccanodon","Buccanodon","Lybiidae","Small_birds","Aves","Small_birds","Frugivore_63","Family_19"
"Gymnobucco_bonapartei","Gymnobucco","Gymnobucco","Lybiidae","Small_birds","Aves","Small_birds","Frugivore_64","Family_19"
"Gymnobucco_calvus","Gymnobucco","Gymnobucco","Lybiidae","Small_birds","Aves","Small_birds","Frugivore_65","Family_19"
"Gymnobucco_cinereiceps","Gymnobucco","Gymnobucco","Lybiidae","Small_birds","Aves","Small_birds","Frugivore_66","Family_19"
"Gymnobucco_peli","Gymnobucco","Gymnobucco","Lybiidae","Small_birds","Aves","Small_birds","Frugivore_67","Family_19"
"Lybius_bidentatus","Lybius","Lybius","Lybiidae","Small_birds","Aves","Small_birds","Frugivore_68","Family_19"
"Lybius_guifsobalito","Lybius","Lybius","Lybiidae","Small_birds","Aves","Small_birds","Frugivore_69","Family_19"
"Lybius_vieilloti","Lybius","Lybius","Lybiidae","Small_birds","Aves","Small_birds","Frugivore_70","Family_19"
"Pogoniulus_atroflavus","Pogoniulus","Pogoniulus","Lybiidae","Small_birds","Aves","Small_birds","Frugivore_71","Family_19"
"Pogoniulus_bilineatus","Pogoniulus","Pogoniulus","Lybiidae","Small_birds","Aves","Small_birds","Frugivore_72","Family_19"
"Pogoniulus_chrysoconus","Pogoniulus","Pogoniulus","Lybiidae","Small_birds","Aves","Small_birds","Frugivore_73","Family_19"
"Pogoniulus_scolopaceus","Pogoniulus","Pogoniulus","Lybiidae","Small_birds","Aves","Small_birds","Frugivore_74","Family_19"
"Pogoniulus_subsulphureus","Pogoniulus","Pogoniulus","Lybiidae","Small_birds","Aves","Small_birds","Frugivore_75","Family_19"
"Trachylaemus_purpuratus","Trachylaemus","Trachylaemus","Lybiidae","Small_birds","Aves","Small_birds","Frugivore_76","Family_19"
"Tricholaema_hirsuta","Tricholaema","Tricholaema","Lybiidae","Small_birds","Aves","Small_birds","Frugivore_77","Family_19"
"Tricholaema_lacrymosa","Tricholaema","Tricholaema","Lybiidae","Small_birds","Aves","Small_birds","Frugivore_78","Family_19"
"Sylvietta_denti","Sylvietta","Sylvietta","Macrosphenidae","Small_birds","Aves","Small_birds","Frugivore_79","Family_20"
"Terpsiphone_viridis","Terpsiphone","Terpsiphone","Monarchidae","Small_birds","Aves","Small_birds","Frugivore_80","Family_21"
"Chamaetylas_poliocephala","Chamaetylas","Chamaetylas","Muscicapidae","Small_birds","Aves","Small_birds","Frugivore_81","Family_22"
"Cossypha_heuglini","Cossypha","Cossypha","Muscicapidae","Small_birds","Aves","Small_birds","Frugivore_82","Family_22"
"Phoenicurus_phoenicurus","Phoenicurus","Phoenicurus","Muscicapidae","Small_birds","Aves","Small_birds","Frugivore_83","Family_22"
"Anthreptes_aurantius","Anthreptes","Anthreptes","Nectariniidae","Small_birds","Aves","Small_birds","Frugivore_84","Family_23"
"Anthreptes_gabonicus","Anthreptes","Anthreptes","Nectariniidae","Small_birds","Aves","Small_birds","Frugivore_85","Family_23"
"Anthreptes_seimundi","Anthreptes","Anthreptes","Nectariniidae","Small_birds","Aves","Small_birds","Frugivore_86","Family_23"
"Chalcomitra_amethystina","Chalcomitra","Chalcomitra","Nectariniidae","Small_birds","Aves","Small_birds","Frugivore_87","Family_23"
"Chalcomitra_senegalensis","Chalcomitra","Chalcomitra","Nectariniidae","Small_birds","Aves","Small_birds","Frugivore_88","Family_23"
"Cinnyris_johannae","Cinnyris","Cinnyris","Nectariniidae","Small_birds","Aves","Small_birds","Frugivore_89","Family_23"
"Cyanomitra_olivacea","Cyanomitra","Cyanomitra","Nectariniidae","Small_birds","Aves","Small_birds","Frugivore_90","Family_23"
"Cyanomitra_verticalis","Cyanomitra","Cyanomitra","Nectariniidae","Small_birds","Aves","Small_birds","Frugivore_91","Family_23"
"Hedydipna_collaris","Hedydipna","Hedydipna","Nectariniidae","Small_birds","Aves","Small_birds","Frugivore_92","Family_23"
"Nectarinia_cyanolaema","Nectarinia","Nectarinia","Nectariniidae","Small_birds","Aves","Small_birds","Frugivore_93","Family_23"
"Nectarinia_olivacea","Nectarinia","Nectarinia","Nectariniidae","Small_birds","Aves","Small_birds","Frugivore_94","Family_23"
"Oriolus_auratus","Oriolus","Oriolus","Oriolidae","Small_birds","Aves","Small_birds","Frugivore_95","Family_24"
"Oriolus_brachyrynchus","Oriolus","Oriolus","Oriolidae","Small_birds","Aves","Small_birds","Frugivore_96","Family_24"
"Oriolus_nigripennis","Oriolus","Oriolus","Oriolidae","Small_birds","Aves","Small_birds","Frugivore_97","Family_24"
"Oriolus_percivali","Oriolus","Oriolus","Oriolidae","Small_birds","Aves","Small_birds","Frugivore_98","Family_24"
"Parus_albiventris","Parus","Melaniparus","Paridae","Small_birds","Aves","Small_birds","Frugivore_99","Family_25"
"Parus_funereus","Parus","Melaniparus","Paridae","Small_birds","Aves","Small_birds","Frugivore_100","Family_25"
"Phylloscopus_budongoensis","Phylloscopus","Phylloscopus","Phylloscopidae","Small_birds","Aves","Small_birds","Frugivore_101","Family_26"
"Phylloscopus_trochilus","Phylloscopus","Phylloscopus","Phylloscopidae","Small_birds","Aves","Small_birds","Frugivore_102","Family_26"
"Platysteira_hormophora","Platysteira","Dyaphorophyia","Platysteiridae","Small_birds","Aves","Small_birds","Frugivore_103","Family_27"
"Amblyospiza_albifrons","Amblyospiza","Amblyospiza","Ploceidae","Small_birds","Aves","Small_birds","Frugivore_104","Family_28"
"Malimbus_cassini","Malimbus","Malimbus","Ploceidae","Small_birds","Aves","Small_birds","Frugivore_105","Family_28"
"Malimbus_erythrogaster","Malimbus","Malimbus","Ploceidae","Small_birds","Aves","Small_birds","Frugivore_106","Family_28"
"Malimbus_rubricollis","Malimbus","Malimbus","Ploceidae","Small_birds","Aves","Small_birds","Frugivore_107","Family_28"
"Ploceus_baglafecht","Ploceus","Ploceus","Ploceidae","Small_birds","Aves","Small_birds","Frugivore_108","Family_28"
"Ploceus_bannermani","Ploceus","Ploceus","Ploceidae","Small_birds","Aves","Small_birds","Frugivore_109","Family_28"
"Ploceus_bicolor","Ploceus","Ploceus","Ploceidae","Small_birds","Aves","Small_birds","Frugivore_110","Family_28"
"Ploceus_brachypterus","Ploceus","Ploceus","Ploceidae","Small_birds","Aves","Small_birds","Frugivore_111","Family_28"
"Ploceus_cucullatus","Ploceus","Ploceus","Ploceidae","Small_birds","Aves","Small_birds","Frugivore_112","Family_28"
"Ploceus_insignis","Ploceus","Ploceus","Ploceidae","Small_birds","Aves","Small_birds","Frugivore_113","Family_28"
"Ploceus_melanocephalus","Ploceus","Ploceus","Ploceidae","Small_birds","Aves","Small_birds","Frugivore_114","Family_28"
"Ploceus_nigerrimus","Ploceus","Ploceus","Ploceidae","Small_birds","Aves","Small_birds","Frugivore_115","Family_28"
"Ploceus_nigricollis","Ploceus","Ploceus","Ploceidae","Small_birds","Aves","Small_birds","Frugivore_116","Family_28"
"Ploceus_tricolor","Ploceus","Ploceus","Ploceidae","Small_birds","Aves","Small_birds","Frugivore_117","Family_28"
"Agapornis_swindernianus","Agapornis","Agapornis","Psittacidae","Small_birds","Aves","Small_birds","Frugivore_118","Family_7"
"Arizelocichla_masukuensis","Arizelocichla","Arizelocichla","Pycnonotidae","Small_birds","Aves","Small_birds","Frugivore_119","Family_29"
"Arizelocichla_montana","Arizelocichla","Arizelocichla","Pycnonotidae","Small_birds","Aves","Small_birds","Frugivore_120","Family_29"
"Arizelocichla_nigriceps","Arizelocichla","Arizelocichla","Pycnonotidae","Small_birds","Aves","Small_birds","Frugivore_121","Family_29"
"Arizelocichla_tephrolaema","Arizelocichla","Arizelocichla","Pycnonotidae","Small_birds","Aves","Small_birds","Frugivore_122","Family_29"
"Atimastillas_flavicollis","Atimastillas","Atimastillas","Pycnonotidae","Small_birds","Aves","Small_birds","Frugivore_123","Family_29"
"Atimastillas_flavigula","Atimastillas","Atimastillas","Pycnonotidae","Small_birds","Aves","Small_birds","Frugivore_124","Family_29"
"Baeopogon_clamans","Baeopogon","Baeopogon","Pycnonotidae","Small_birds","Aves","Small_birds","Frugivore_125","Family_29"
"Baeopogon_indicator","Baeopogon","Baeopogon","Pycnonotidae","Small_birds","Aves","Small_birds","Frugivore_126","Family_29"
"Bleda_syndactylus","Bleda","Bleda","Pycnonotidae","Small_birds","Aves","Small_birds","Frugivore_127","Family_29"
"Bleda_ugandae","Bleda","Bleda","Pycnonotidae","Small_birds","Aves","Small_birds","Frugivore_128","Family_29"
"Calyptocichla_serinus","Calyptocichla","Calyptocichla","Pycnonotidae","Small_birds","Aves","Small_birds","Frugivore_129","Family_29"
"Chlorocichla_falkensteini","Chlorocichla","Chlorocichla","Pycnonotidae","Small_birds","Aves","Small_birds","Frugivore_130","Family_29"
"Chlorocichla_laetissima","Chlorocichla","Chlorocichla","Pycnonotidae","Small_birds","Aves","Small_birds","Frugivore_131","Family_29"
"Chlorocichla_simplex","Chlorocichla","Chlorocichla","Pycnonotidae","Small_birds","Aves","Small_birds","Frugivore_132","Family_29"
"Criniger_barbatus","Criniger","Criniger","Pycnonotidae","Small_birds","Aves","Small_birds","Frugivore_133","Family_29"
"Criniger_calurus","Criniger","Criniger","Pycnonotidae","Small_birds","Aves","Small_birds","Frugivore_134","Family_29"
"Criniger_ndussumensis","Criniger","Criniger","Pycnonotidae","Small_birds","Aves","Small_birds","Frugivore_135","Family_29"
"Eurillas_ansorgei","Eurillas","Eurillas","Pycnonotidae","Small_birds","Aves","Small_birds","Frugivore_136","Family_29"
"Eurillas_curvirostris","Eurillas","Eurillas","Pycnonotidae","Small_birds","Aves","Small_birds","Frugivore_137","Family_29"
"Eurillas_gracilis","Eurillas","Eurillas","Pycnonotidae","Small_birds","Aves","Small_birds","Frugivore_138","Family_29"
"Eurillas_latirostris","Eurillas","Eurillas","Pycnonotidae","Small_birds","Aves","Small_birds","Frugivore_139","Family_29"
"Eurillas_virens","Eurillas","Eurillas","Pycnonotidae","Small_birds","Aves","Small_birds","Frugivore_140","Family_29"
"Ixonotus_guttatus","Ixonotus","Ixonotus","Pycnonotidae","Small_birds","Aves","Small_birds","Frugivore_141","Family_29"
"Phyllastrephus_albigularis","Phyllastrephus","Phyllastrephus","Pycnonotidae","Small_birds","Aves","Small_birds","Frugivore_142","Family_29"
"Phyllastrephus_cabanisi","Phyllastrephus","Phyllastrephus","Pycnonotidae","Small_birds","Aves","Small_birds","Frugivore_143","Family_29"
"Phyllastrephus_flavostriatus","Phyllastrephus","Phyllastrephus","Pycnonotidae","Small_birds","Aves","Small_birds","Frugivore_144","Family_29"
"Phyllastrephus_hypochloris","Phyllastrephus","Phyllastrephus","Pycnonotidae","Small_birds","Aves","Small_birds","Frugivore_145","Family_29"
"Pycnonotus_barbatus","Pycnonotus","Pycnonotus","Pycnonotidae","Small_birds","Aves","Small_birds","Frugivore_146","Family_29"
"Stelgidillas_gracilirostris","Stelgidillas","Stelgidillas","Pycnonotidae","Small_birds","Aves","Small_birds","Frugivore_147","Family_29"
"Thescelocichla_leucopleura","Thescelocichla","Thescelocichla","Pycnonotidae","Small_birds","Aves","Small_birds","Frugivore_148","Family_29"
"Anthoscopus_caroli","Anthoscopus","Anthoscopus","Remizidae","Small_birds","Aves","Small_birds","Frugivore_149","Family_30"
"Elminia_longicauda","Elminia","Elminia","Stenostiridae","Small_birds","Aves","Small_birds","Frugivore_150","Family_31"
"Cinnyricinclus_leucogaster","Cinnyricinclus","Cinnyricinclus","Sturnidae","Small_birds","Aves","Small_birds","Frugivore_151","Family_8"
"Grafisia_torquata","Grafisia","Grafisia","Sturnidae","Small_birds","Aves","Small_birds","Frugivore_152","Family_8"
"Hylopsar_cupreocauda","Hylopsar","Hylopsar","Sturnidae","Small_birds","Aves","Small_birds","Frugivore_153","Family_8"
"Hylopsar_purpureiceps","Hylopsar","Hylopsar","Sturnidae","Small_birds","Aves","Small_birds","Frugivore_154","Family_8"
"Onychognathus_walleri","Onychognathus","Onychognathus","Sturnidae","Small_birds","Aves","Small_birds","Frugivore_155","Family_8"
"Pholia_sharpii","Pholia","Pholia","Sturnidae","Small_birds","Aves","Small_birds","Frugivore_156","Family_8"
"Poeoptera_lugubris","Poeoptera","Poeoptera","Sturnidae","Small_birds","Aves","Small_birds","Frugivore_157","Family_8"
"Poeoptera_stuhlmanni","Poeoptera","Poeoptera","Sturnidae","Small_birds","Aves","Small_birds","Frugivore_158","Family_8"
"Sylvia_atricapilla","Sylvia","Sylvia","Sylviidae","Small_birds","Aves","Small_birds","Frugivore_159","Family_32"
"Sylvia_borin","Sylvia","Sylvia","Sylviidae","Small_birds","Aves","Small_birds","Frugivore_160","Family_32"
"Apaloderma_narina","Apaloderma","Apaloderma","Trogonidae","Small_birds","Aves","Small_birds","Frugivore_161","Family_33"
"Stizorhina_fraseri","Stizorhina","Stizorhina","Turdidae","Small_birds","Aves","Small_birds","Frugivore_162","Family_34"
"Turdus_olivaceus","Turdus","Turdus","Turdidae","Small_birds","Aves","Small_birds","Frugivore_163","Family_34"
"Turdus_pelios","Turdus","Turdus","Turdidae","Small_birds","Aves","Small_birds","Frugivore_164","Family_34"
"Prionops_rufiventris","Prionops","Prionops","Vangidae","Small_birds","Aves","Small_birds","Frugivore_165","Family_35"
"Zosterops_kikuyuensis","Zosterops","Zosterops","Zosteropidae","Small_birds","Aves","Small_birds","Frugivore_166","Family_36"
"Zosterops_senegalensis","Zosterops","Zosterops","Zosteropidae","Small_birds","Aves","Small_birds","Frugivore_167","Family_36"
"Eidolon_helvum","Eidolon","Eidolon","Pteropodidae","Bats","Mammalia","Bats","Frugivore_168","Family_37"
"Epomophorus_gambianus","Epomophorus","Epomophorus","Pteropodidae","Bats","Mammalia","Bats","Frugivore_169","Family_37"
"Epomophorus_labiatus","Epomophorus","Epomophorus","Pteropodidae","Bats","Mammalia","Bats","Frugivore_170","Family_37"
"Epomophorus_minor","Epomophorus","Epomophorus","Pteropodidae","Bats","Mammalia","Bats","Frugivore_171","Family_37"
"Epomophorus_wahlbergi","Epomophorus","Epomophorus","Pteropodidae","Bats","Mammalia","Bats","Frugivore_172","Family_37"
"Epomops_buettikoferi","Epomops","Epomops","Pteropodidae","Bats","Mammalia","Bats","Frugivore_173","Family_37"
"Epomops_dobsonii","Epomops","Epomops","Pteropodidae","Bats","Mammalia","Bats","Frugivore_174","Family_37"
"Epomops_franqueti","Epomops","Epomops","Pteropodidae","Bats","Mammalia","Bats","Frugivore_175","Family_37"
"Hypsignathus_monstrosus","Hypsignathus","Hypsignathus","Pteropodidae","Bats","Mammalia","Bats","Frugivore_176","Family_37"
"Micropteropus_pusillus","Micropteropus","Micropteropus","Pteropodidae","Bats","Mammalia","Bats","Frugivore_177","Family_37"
"Myonycteris_angolensis","Myonycteris","Myonycteris","Pteropodidae","Bats","Mammalia","Bats","Frugivore_178","Family_37"
"Myonycteris_leptodon","Myonycteris","Myonycteris","Pteropodidae","Bats","Mammalia","Bats","Frugivore_179","Family_37"
"Myonycteris_torquata","Myonycteris","Myonycteris","Pteropodidae","Bats","Mammalia","Bats","Frugivore_180","Family_37"
"Nanonycteris_veldkampi","Nanonycteris","Nanonycteris","Pteropodidae","Bats","Mammalia","Bats","Frugivore_181","Family_37"
"Rousettus_aegyptiacus","Rousettus","Rousettus","Pteropodidae","Bats","Mammalia","Bats","Frugivore_182","Family_37"
"Scotonycteris_ophiodon","Scotonycteris","Scotonycteris","Pteropodidae","Bats","Mammalia","Bats","Frugivore_183","Family_37"
"Scotonycteris_zenkeri","Scotonycteris","Scotonycteris","Pteropodidae","Bats","Mammalia","Bats","Frugivore_184","Family_37"
"Nandinia_binotata","Nandinia","Nandinia","Nandiniidae","Carnivore","Mammalia","Carnivore","Frugivore_185","Family_38"
"Civettictis_civetta","Civettictis","Civettictis","Viverridae","Carnivore","Mammalia","Carnivore","Frugivore_186","Family_39"
"Genetta_maculata","Genetta","Genetta","Viverridae","Carnivore","Mammalia","Carnivore","Frugivore_187","Family_39"
"Loxodonta_africana","Loxodonta","Loxodonta","Elephantidae","Elephant","Mammalia","Elephant","Frugivore_188","Family_40"
"Loxodonta_cyclotis","Loxodonta","Loxodonta","Elephantidae","Elephant","Mammalia","Elephant","Frugivore_189","Family_40"
"Gorilla_beringei","Gorilla","Gorilla","Hominidae","Apes","Mammalia","Primates","Frugivore_190","Family_41"
"Gorilla_gorilla","Gorilla","Gorilla","Hominidae","Apes","Mammalia","Primates","Frugivore_191","Family_41"
"Pan_paniscus","Pan","Pan","Hominidae","Apes","Mammalia","Primates","Frugivore_192","Family_41"
"Pan_troglodytes","Pan","Pan","Hominidae","Apes","Mammalia","Primates","Frugivore_193","Family_41"
"Galagoides_demidoff","Galagoides","Galagoides","Galagidae","BushBaby","Mammalia","Primates","Frugivore_194","Family_42"
"Cercocebus_agilis","Cercocebus","Cercocebus","Cercopithecidae","Monkeys","Mammalia","Primates","Frugivore_195","Family_43"
"Cercocebus_atys","Cercocebus","Cercocebus","Cercopithecidae","Monkeys","Mammalia","Primates","Frugivore_196","Family_43"
"Cercocebus_torquatus","Cercocebus","Cercocebus","Cercopithecidae","Monkeys","Mammalia","Primates","Frugivore_197","Family_43"
"Cercopithecus_ascanius","Cercopithecus","Cercopithecus","Cercopithecidae","Monkeys","Mammalia","Primates","Frugivore_198","Family_43"
"Cercopithecus_campbelli","Cercopithecus","Cercopithecus","Cercopithecidae","Monkeys","Mammalia","Primates","Frugivore_199","Family_43"
"Cercopithecus_cephus","Cercopithecus","Cercopithecus","Cercopithecidae","Monkeys","Mammalia","Primates","Frugivore_200","Family_43"
"Cercopithecus_diana","Cercopithecus","Cercopithecus","Cercopithecidae","Monkeys","Mammalia","Primates","Frugivore_201","Family_43"
"Cercopithecus_erythrogaster","Cercopithecus","Cercopithecus","Cercopithecidae","Monkeys","Mammalia","Primates","Frugivore_202","Family_43"
"Cercopithecus_erythrotis","Cercopithecus","Cercopithecus","Cercopithecidae","Monkeys","Mammalia","Primates","Frugivore_203","Family_43"
"Cercopithecus_lhoesti","Cercopithecus","Cercopithecus","Cercopithecidae","Monkeys","Mammalia","Primates","Frugivore_204","Family_43"
"Cercopithecus_mitis","Cercopithecus","Cercopithecus","Cercopithecidae","Monkeys","Mammalia","Primates","Frugivore_205","Family_43"
"Cercopithecus_mona","Cercopithecus","Cercopithecus","Cercopithecidae","Monkeys","Mammalia","Primates","Frugivore_206","Family_43"
"Cercopithecus_neglectus","Cercopithecus","Cercopithecus","Cercopithecidae","Monkeys","Mammalia","Primates","Frugivore_207","Family_43"
"Cercopithecus_nictitans","Cercopithecus","Cercopithecus","Cercopithecidae","Monkeys","Mammalia","Primates","Frugivore_208","Family_43"
"Cercopithecus_petaurista","Cercopithecus","Cercopithecus","Cercopithecidae","Monkeys","Mammalia","Primates","Frugivore_209","Family_43"
"Cercopithecus_pogonias","Cercopithecus","Cercopithecus","Cercopithecidae","Monkeys","Mammalia","Primates","Frugivore_210","Family_43"
"Cercopithecus_solatus","Cercopithecus","Cercopithecus","Cercopithecidae","Monkeys","Mammalia","Primates","Frugivore_211","Family_43"
"Chlorocebus_djamdjamensis","Chlorocebus","Chlorocebus","Cercopithecidae","Monkeys","Mammalia","Primates","Frugivore_212","Family_43"
"Chlorocebus_sabaeus","Chlorocebus","Chlorocebus","Cercopithecidae","Monkeys","Mammalia","Primates","Frugivore_213","Family_43"
"Chlorocebus_tantalus","Chlorocebus","Chlorocebus","Cercopithecidae","Monkeys","Mammalia","Primates","Frugivore_214","Family_43"
"Colobus_angolensis","Colobus","Colobus","Cercopithecidae","Monkeys","Mammalia","Primates","Frugivore_215","Family_43"
"Colobus_guereza","Colobus","Colobus","Cercopithecidae","Monkeys","Mammalia","Primates","Frugivore_216","Family_43"
"Colobus_polykomos","Colobus","Colobus","Cercopithecidae","Monkeys","Mammalia","Primates","Frugivore_217","Family_43"
"Colobus_satanas","Colobus","Colobus","Cercopithecidae","Monkeys","Mammalia","Primates","Frugivore_218","Family_43"
"Colobus_vellerosus","Colobus","Colobus","Cercopithecidae","Monkeys","Mammalia","Primates","Frugivore_219","Family_43"
"Erythrocebus_patas","Erythrocebus","Erythrocebus","Cercopithecidae","Monkeys","Mammalia","Primates","Frugivore_220","Family_43"
"Lophocebus_albigena","Lophocebus","Lophocebus","Cercopithecidae","Monkeys","Mammalia","Primates","Frugivore_221","Family_43"
"Lophocebus_aterrimus","Lophocebus","Lophocebus","Cercopithecidae","Monkeys","Mammalia","Primates","Frugivore_222","Family_43"
"Mandrillus_leucophaeus","Mandrillus","Mandrillus","Cercopithecidae","Monkeys","Mammalia","Primates","Frugivore_223","Family_43"
"Mandrillus_sphinx","Mandrillus","Mandrillus","Cercopithecidae","Monkeys","Mammalia","Primates","Frugivore_224","Family_43"
"Miopithecus_ogouensis","Miopithecus","Miopithecus","Cercopithecidae","Monkeys","Mammalia","Primates","Frugivore_225","Family_43"
"Papio_anubis","Papio","Papio","Cercopithecidae","Monkeys","Mammalia","Primates","Frugivore_226","Family_43"
"Papio_cynocephalus","Papio","Papio","Cercopithecidae","Monkeys","Mammalia","Primates","Frugivore_227","Family_43"
"Piliocolobus_badius","Piliocolobus","Piliocolobus","Cercopithecidae","Monkeys","Mammalia","Primates","Frugivore_228","Family_43"
"Piliocolobus_tephrosceles","Piliocolobus","Piliocolobus","Cercopithecidae","Monkeys","Mammalia","Primates","Frugivore_229","Family_43"
"Piliocolobus_tholloni","Piliocolobus","Piliocolobus","Cercopithecidae","Monkeys","Mammalia","Primates","Frugivore_230","Family_43"
"Procolobus_verus","Procolobus","Procolobus","Cercopithecidae","Monkeys","Mammalia","Primates","Frugivore_231","Family_43"
"Atherurus_africanus","Atherurus","Atherurus","Hystricidae","Rodents","Mammalia","Rodents","Frugivore_232","Family_44"
"Rhynchocyon_cirnei","Rhynchocyon","Rhynchocyon","Macroscelididae","Rodents","Mammalia","Rodents","Frugivore_233","Family_45"
"Deomys_ferrugineus","Deomys","Deomys","Muridae","Rodents","Mammalia","Rodents","Frugivore_234","Family_46"
"Grammomys_poensis","Grammomys","Grammomys","Muridae","Rodents","Mammalia","Rodents","Frugivore_235","Family_46"
"Heimyscus_fumosus","Heimyscus","Heimyscus","Muridae","Rodents","Mammalia","Rodents","Frugivore_236","Family_46"
"Hybomys_univittatus","Hybomys","Hybomys","Muridae","Rodents","Mammalia","Rodents","Frugivore_237","Family_46"
"Malacomys_longipes","Malacomys","Malacomys","Muridae","Rodents","Mammalia","Rodents","Frugivore_238","Family_46"
"Praomys_jacksoni","Praomys","Praomys","Muridae","Rodents","Mammalia","Rodents","Frugivore_239","Family_46"
"Praomys_tullbergi","Praomys","Praomys","Muridae","Rodents","Mammalia","Rodents","Frugivore_240","Family_46"
"Stochomys_longicaudatus","Stochomys","Stochomys","Muridae","Rodents","Mammalia","Rodents","Frugivore_241","Family_46"
"Cricetomys_emini","Cricetomys","Cricetomys","Nesomyidae","Rodents","Mammalia","Rodents","Frugivore_242","Family_47"
"Cricetomys_gambianus","Cricetomys","Cricetomys","Nesomyidae","Rodents","Mammalia","Rodents","Frugivore_243","Family_47"
"Epixerus_ebii","Epixerus","Epixerus","Sciuridae","Rodents","Mammalia","Rodents","Frugivore_244","Family_48"
"Funisciurus_anerythrus","Funisciurus","Funisciurus","Sciuridae","Rodents","Mammalia","Rodents","Frugivore_245","Family_48"
"Funisciurus_isabella","Funisciurus","Funisciurus","Sciuridae","Rodents","Mammalia","Rodents","Frugivore_246","Family_48"
"Funisciurus_pyrropus","Funisciurus","Funisciurus","Sciuridae","Rodents","Mammalia","Rodents","Frugivore_247","Family_48"
"Heliosciurus_rufobrachium","Heliosciurus","Heliosciurus","Sciuridae","Rodents","Mammalia","Rodents","Frugivore_248","Family_48"
"Myosciurus_pumilio","Myosciurus","Myosciurus","Sciuridae","Rodents","Mammalia","Rodents","Frugivore_249","Family_48"
"Paraxerus_boehmi","Paraxerus","Paraxerus","Sciuridae","Rodents","Mammalia","Rodents","Frugivore_250","Family_48"
"Paraxerus_poensis","Paraxerus","Paraxerus","Sciuridae","Rodents","Mammalia","Rodents","Frugivore_251","Family_48"
"Protoxerus_stangeri","Protoxerus","Protoxerus","Sciuridae","Rodents","Mammalia","Rodents","Frugivore_252","Family_48"
"Potamochoerus_larvatus","Potamochoerus","Potamochoerus","Suidae","Suidae","Mammalia","Suidae","Frugivore_253","Family_49"
"Potamochoerus_porcus","Potamochoerus","Potamochoerus","Suidae","Suidae","Mammalia","Suidae","Frugivore_254","Family_49"
"Cephalophus_callipygus","Cephalophus","Cephalophus","Bovidae","Ungulate","Mammalia","Ungulate","Frugivore_255","Family_50"
"Cephalophus_dorsalis","Cephalophus","Cephalophus","Bovidae","Ungulate","Mammalia","Ungulate","Frugivore_256","Family_50"
"Cephalophus_leucogaster","Cephalophus","Cephalophus","Bovidae","Ungulate","Mammalia","Ungulate","Frugivore_257","Family_50"
"Cephalophus_niger","Cephalophus","Cephalophus","Bovidae","Ungulate","Mammalia","Ungulate","Frugivore_258","Family_50"
"Cephalophus_nigrifrons","Cephalophus","Cephalophus","Bovidae","Ungulate","Mammalia","Ungulate","Frugivore_259","Family_50"
"Cephalophus_ogilbyi","Cephalophus","Cephalophus","Bovidae","Ungulate","Mammalia","Ungulate","Frugivore_260","Family_50"
"Cephalophus_rufilatus","Cephalophus","Cephalophus","Bovidae","Ungulate","Mammalia","Ungulate","Frugivore_261","Family_50"
"Cephalophus_silvicultor","Cephalophus","Cephalophus","Bovidae","Ungulate","Mammalia","Ungulate","Frugivore_262","Family_50"
"Cephalophus_weynsi","Cephalophus","Cephalophus","Bovidae","Ungulate","Mammalia","Ungulate","Frugivore_263","Family_50"
"Philantomba_maxwellii","Philantomba","Philantomba","Bovidae","Ungulate","Mammalia","Ungulate","Frugivore_264","Family_50"
"Philantomba_monticola","Philantomba","Philantomba","Bovidae","Ungulate","Mammalia","Ungulate","Frugivore_265","Family_50"
"Tragelaphus_eurycerus","Tragelaphus","Tragelaphus","Bovidae","Ungulate","Mammalia","Ungulate","Frugivore_266","Family_50"
"Hyemoschus_aquaticus","Hyemoschus","Hyemoschus","Tragulidae","Ungulate","Mammalia","Ungulate","Frugivore_267","Family_51"
